,old_1,old_2,old_3,old_4,old_5,new_1,new_2,new_3,new_4,new_5
0,-9.99,-4.761202473,-5.706425656,-5.402814231,-4.990676642,-2.315675993,0.409514631,0.448709322,0.746811952,0.52329694
1,-9.99,-6.064169742,-5.913852483,-4.827959997,-5.31508345,-2.246308069,0.309613626,-0.137722084,0.464654194,0.719182048
2,-9.144,-4.624048914,-3.963216896,-5.122937748,-4.519546543,-2.6910087,0.673296641,-0.220220099,0.216178041,0.528906547
3,-9.86,-4.569047011,-5.650789076,-4.724280995,-5.274168511,-3.333467457,0.513210095,-0.776665001,0.72891916,0.747002373
4,-9.92,-3.684999917,-3.539191135,-4.602249623,-4.795881473,-2.981225066,0.292845126,0.454551218,0.762165511,0.514559862
5,-9.92,-4.717455024,-3.999883515,-3.884900997,-3.473145035,-1.628270879,0.38464984,0.544728907,0.738193178,0.760129796
6,-9.95,-2.97843733,-2.92824002,-5.128509188,-3.115698099,-1.460503103,0.28911904,0.213110262,0.75083696,0.315554082
7,-9.99,-2.440874875,-2.607985105,-5.600285386,-2.311960082,-2.368254743,0.685893658,0.410459076,0.729537933,0.769572891
8,-9.98,-2.998940081,-2.09740316,-2.727541589,-2.759226662,-0.837296835,-0.051421058,0.388856119,0.553144202,0.665456633
9,-9.98,-2.985464232,-1.787566795,-3.490482284,-2.663047438,-1.82939033,0.088114812,-0.306709244,0.704129619,0.762001925
10,-9.97,-2.087254035,-1.515247346,-2.982563523,-2.848078992,-0.375629836,0.308541277,-0.018174967,0.642245776,0.715113892
11,-9.99,-4.091853348,-3.417195958,-2.85939039,-1.857519359,0.219584742,0.536952202,0.401021398,0.556571722,0.722842827
12,-9.95,-3.834006139,-2.193440881,-2.937335801,-2.557257034,-0.211275554,0.679128943,0.57204201,0.761111483,0.757470535
13,-9.93,-3.129218713,-1.791908271,-4.72587522,-2.172979672,-0.750916191,0.752248588,0.493162381,0.455784708,0.723040472
14,-9.99,-4.051306475,-2.19212876,-3.182504049,-2.431028413,0.215184671,0.746868153,0.527745246,0.750650799,0.743791323
15,-9.99,-3.870305068,-1.50614984,-3.576798484,-3.505799481,-0.71469195,0.731639663,0.707382009,0.765667239,0.75833378
16,-9.96,-2.016440909,-1.801601735,-2.78770387,-1.362434104,0.346369168,0.744360661,0.15628569,0.722476033,0.759095337
17,-9.98,-1.580318226,-1.573351779,-2.174840568,-1.825307217,0.340161715,0.738908777,0.727885704,0.761480966,0.768407454
18,-9.459,-1.758295023,-2.748308217,-2.14664333,-1.792886531,0.194658434,0.525126409,0.724341199,0.769210735,0.772356927
19,-9.99,-2.433263335,-2.369721486,-2.207256228,-2.036855573,0.168990357,0.5056199,0.757987418,0.73963785,0.748456508
20,-8.447,-2.769309239,-1.450773368,-3.501707528,-3.010938706,0.155840686,0.74421636,0.761030301,0.750703683,0.534362852
21,-9.96,-3.636400448,-2.897757674,-2.755019681,-1.798663896,0.264982373,0.758893343,0.725233966,0.731054051,0.752812615
22,-9.98,-2.570614722,-1.466095735,-1.05318195,-4.159263585,0.413989086,0.747164002,0.73495063,0.756508772,0.739139214
23,-9.82,-1.69309904,-1.075614656,-2.3553984,-1.247073462,-0.159282962,0.556569452,0.533739288,0.732878926,0.747093353
24,-9.95,-2.057390415,-3.417458828,-2.117888827,-1.372514567,0.399022541,0.745417023,0.68482524,0.743265791,0.743391435
25,-9.88,-1.95954997,-4.058483949,-2.900066461,-2.653504248,0.442320483,0.755607369,0.738549735,0.378126116,0.767324245
26,-9.8,-1.854397588,-1.496646847,-1.446704649,-1.918096373,0.672250518,0.644661117,0.748165968,-0.254187628,0.739323008
27,-9.86,-1.227896996,-0.612740542,-1.135298925,-1.15219628,0.661603639,0.058589128,0.740465208,0.705343491,0.73797475
28,-9.193,-1.360364817,-0.771245127,-3.597338484,-2.16412202,0.330854904,0.722831716,0.731137674,0.741230904,0.774302675
29,-9.74,-1.406525243,-1.786532556,-2.235793197,-3.088121535,0.537484572,0.725305175,0.754146223,0.570580828,0.598658427
30,-9.84,-0.660846415,-1.120726206,-2.748200796,-2.463968047,0.414871511,0.763415332,0.647325863,0.763183567,0.761148783
31,-9.76,-0.785164509,-1.481629181,-1.254366328,-0.733369712,0.682647379,0.747159965,0.757578358,0.761961921,0.748665406
32,-8.181,-2.322091797,-0.785956098,-0.776958434,-1.854173178,0.587702616,0.756521886,0.761647757,0.674936665,0.780557166
33,-8.159,-0.736948167,-0.949495837,-0.456256078,-0.86962325,0.381116287,0.740726343,0.423803308,0.764752334,0.717471477
34,-9.8,-0.291867244,-1.712593439,-0.908832715,-1.323013811,0.670570933,0.755155614,0.480854575,0.704378577,0.758462676
35,-8.681,-0.909053102,-1.395403087,-1.733637172,-1.04766876,0.642788662,0.749560624,-1.09063737,0.292477657,0.762154766
36,-6.451,-1.283756131,-2.002431531,-2.049168901,-0.849738626,0.644024473,0.757390667,0.091786967,0.75443285,0.773852293
37,-9.054,-0.823582839,-0.745314155,-2.165223616,-0.68401395,0.679355831,0.454862537,0.53225863,0.747569814,0.781046129
38,-7.205,-0.773596054,-0.907264057,-0.985351934,-0.813885308,0.681073359,0.691980635,0.115248682,0.39672475,0.720711275
39,-4.39,-2.098977314,-1.653608657,-1.002366811,-1.100935658,0.564643405,0.752882712,0.089526299,0.034343964,0.763786638
40,-7.172,-0.722457325,0.166806156,-0.911745428,-0.581455695,0.623518806,0.722657614,0.769700557,0.784034009,0.754422057
41,-8.201,-0.531420855,-1.611558204,-0.532261017,-1.668445615,0.656223078,0.422207647,0.389742448,0.746772131,0.760816445
42,-6.507,-0.364182565,-2.098859234,-1.043608466,-2.12084113,0.625015641,0.736606356,0.657349264,0.770556395,0.75387826
43,-6.903,-0.429408454,-0.293336714,-2.757570807,-0.14501581,0.666044183,0.756484064,0.755521398,0.746635317,0.77683232
44,-6.691,-0.78136508,-0.472089776,-1.420199636,-0.237067295,0.671452715,0.722869228,0.730196818,0.783608531,0.773698582
45,-6.464,-0.479864632,0.226627311,-2.650196315,-0.699092634,0.504113638,0.417758745,0.714713634,0.751280988,0.752503654
46,-5.953,-0.902056828,-0.792945492,-0.466470434,-0.075422445,0.6798055,0.760161588,0.766891218,0.742456269,0.766935291
47,-8.669,-0.628270675,-0.213042959,-1.849090981,-1.355865931,0.667939353,0.507395387,0.716994331,0.763625528,0.773330352
48,-5.434,-1.300397083,-0.578700145,-0.87978198,-0.247568759,0.639062881,0.762568415,0.700867719,0.646046284,0.754522948
49,-3.972,-1.123246227,-0.640734037,-3.302559246,0.128709706,-0.709649496,0.707829875,0.762501898,0.771866235,0.757707046
50,-5.041,-1.539756729,-0.658527773,-0.907134984,0.020427516,0.663416653,0.750767767,0.72759871,0.763716625,0.761251715
51,-6.038,0.040236998,-1.249143501,-1.430030442,-0.330869813,0.031655145,0.737559536,0.494091509,0.767937506,0.525335393
52,-5.397,-0.394653182,-0.527633889,-1.239163172,0.199364781,-0.699641803,0.533725832,0.773349725,0.765609048,0.773257509
53,-4.895,-1.155884877,-0.722031069,-1.527615813,0.43496488,0.537003078,0.786502207,0.77672185,0.76013386,0.753575565
54,-4.589,-1.817282065,-0.205972708,-1.335126557,-0.336186556,0.659400903,0.763199703,0.769663327,0.734708519,0.765936368
55,-5.272,-0.612064352,-0.36745579,-1.045584258,-0.573243312,0.388588387,0.729390059,0.716189728,0.693940553,0.743127017
56,-4.914,-0.270090166,0.022202001,-1.073783598,0.11291025,0.638363122,0.634819487,0.765897969,0.776734747,0.764432954
57,-5.349,-0.274200375,0.134476661,0.007324967,-0.702013728,-0.034607447,0.760605026,0.757268845,0.783556694,0.751003793
58,-7.481,-0.704870319,-0.373722677,-1.335298526,-0.792894288,-0.68544466,0.653585374,0.338437628,0.772500209,0.741629124
59,-2.473,-0.179000214,0.377479961,-0.302962492,-0.357880949,-0.327152139,0.4823894,0.770943239,0.759080944,0.669081131
60,-2.554,-0.520726058,-0.189223088,-0.829867659,-0.155737337,-0.712427688,0.744183658,0.719243811,0.748833546,0.7326643
61,-1.595,-0.88731982,0.169068643,-0.538176761,0.304494144,0.028820645,-0.006091021,0.763962638,0.362857359,0.770647157
62,-4.571,-1.192904102,-0.302992479,-0.594144358,0.080643527,-0.647256465,0.758018435,0.743846393,0.768228439,0.775042655
63,-1.916,-0.367668999,0.459155735,-0.377584466,-0.141226279,0.41562992,0.772814204,0.75664709,0.783084574,0.771454394
64,-2.979,-0.925700627,0.25815538,-0.823165238,-0.078391738,0.361056966,0.766487062,0.766957654,0.536899675,0.765919042
65,-4.451,-0.531077677,-0.105006271,-0.820262886,0.14358391,-0.434236972,0.747753499,0.746615437,0.762357316,0.77387761
66,-1.948,-0.734559292,0.087221745,-0.44059501,0.449626426,-0.02956643,0.724513123,0.753594969,0.738314428,0.537769534
67,-1.709,-0.479539771,0.147930205,-0.137706694,-0.076689161,0.661991012,0.68691518,0.773937771,0.768591381,0.76117612
68,-5.558,-0.790487308,0.186984944,-1.236331663,0.340773489,-1.433066324,-0.264917089,0.731166927,0.759632027,0.74585837
69,-3.11,0.101780336,-0.529326661,-0.772831427,0.170851175,0.392273317,0.780180058,0.772214687,0.764293849,0.747205003
70,-2.637,0.05803735,0.114645022,-1.362230922,-0.065478416,-0.019360926,0.333727537,0.746185167,0.748890796,0.750167631
71,-3.146,-0.533452131,0.077583336,-0.363123014,0.195555284,0.104079121,0.760142592,0.767854343,0.771143826,0.733619179
72,-2.31,-1.095846646,0.192291274,-0.605235637,-1.196342262,,0.742620181,0.760011053,0.77754681,0.767852111
73,-3.818,-0.321769087,-0.393358747,0.126736595,-0.640511664,,0.756375201,0.482828994,0.751306239,0.771863567
74,-3.522,-0.912286114,-0.550218583,-0.714162983,0.192150616,,0.76624674,0.723113512,0.769800157,0.772272719
75,-5.329,0.414402822,-0.049135154,-0.059173469,0.167147267,,0.724619439,0.326936045,0.765241485,0.744433257
76,-5.197,-0.267394693,-0.463075278,-1.073454587,-0.061438449,,0.775001012,0.76431542,0.759496502,0.782789334
77,-5.321,-0.488426939,0.25708439,-0.503937017,-0.027142843,,0.513937733,0.76197472,0.750749694,0.768366766
78,-4.451,0.363755536,0.391186509,-1.431623629,0.715201545,,0.727026732,0.746456332,0.765765082,0.776276609
79,-4.357,0.008627195,0.304353732,-0.257421971,0.657939213,,0.755565684,0.77428119,0.72225879,0.76258829
80,-2.998,-1.01012271,-0.419466383,-0.31759001,-0.022039406,,0.547537592,0.770511812,0.747090239,0.756330897
81,-4.141,0.612799876,0.431413715,-0.538879911,0.093047127,,0.757557751,0.752908357,0.467352891,0.771936579
82,-1.4,-0.682839579,-0.04527672,0.022720718,0.317084461,,0.477271027,0.742885761,0.626721658,0.757776628
83,-3.384,0.108904622,0.304315849,-0.108141036,0.149074534,,0.715560481,0.671338043,0.760215784,0.755160842
84,-5.033,-0.279152411,0.169834793,-0.925729518,0.17521047,,0.772007109,0.77387276,0.581104742,0.777262676
85,-2.411,-0.245079396,0.295485639,-0.469400572,-0.048279407,,0.76064156,0.538199559,0.788949856,0.753870861
86,-6.174,-0.261461843,-0.161214955,0.101403114,0.643938548,,0.733702244,0.610211306,0.372620299,0.753772503
87,-2.341,-0.634723054,0.319568444,0.257902033,0.466873298,,0.755835581,0.775709018,0.788567708,0.766529452
88,-5.824,-0.207272143,0.107721107,-0.678842213,-0.271669564,,0.752638295,0.74361264,0.736548491,0.773704729
89,-4.483,-0.072986161,0.33136584,-0.665649223,0.491375922,,0.345785326,0.744831045,0.765469335,0.774020303
90,-1.904,0.069447054,0.370830839,0.134680047,0.223926939,,0.750653011,0.76567683,0.76709665,0.537690444
91,-1.227,0.543659562,0.678002062,-1.010176128,0.667436738,,0.773301475,0.762165857,0.761749273,0.778543429
92,-6.021,0.251752944,0.602067798,-0.620621092,0.689693308,,0.71753084,0.778632657,0.763914146,0.767587778
93,-4.588,0.27480148,0.26217997,0.290434611,-0.143827656,,0.75052806,0.738170469,0.753462626,0.757826537
94,-1.938,-0.003313707,-0.067458341,-0.712641351,0.545585618,,0.757859364,0.746746713,0.763218158,0.769098296
95,-2.456,-0.472693602,0.275771104,0.286164129,0.494616468,,0.757958717,0.769471768,0.7484229,0.777104911
96,-1.245,0.166444397,0.534947141,0.23748692,0.473580645,,0.771764238,0.774690508,0.520004633,0.785066643
97,-0.605,-0.507156128,-0.060433216,-0.065837914,0.177949593,,0.526862279,0.759112991,0.75849114,0.760672987
98,-1.243,0.221742006,0.281974003,0.286030837,0.719054507,,0.770298643,0.770464788,0.742279378,0.764357093
99,-3.786,0.190170621,-0.499370383,0.027098318,0.451656123,,0.729933023,0.76849643,0.776598751,0.777650943
100,-1.403,-0.531531061,0.607931086,0.109199626,0.534955805,,0.764538189,0.761634708,0.534839166,0.759619298
101,-4.41,0.51500338,0.231308333,0.026270169,0.108141113,,0.735900481,0.770154555,0.770151979,0.756949126
102,-0.791,-0.496283188,0.567779934,-0.096094827,0.57623828,,0.773109817,0.771745893,0.661992889,0.770379211
103,-1.46,0.182351752,0.129139158,-0.347646474,0.695302189,,0.46305689,0.778429661,0.779331826,0.777509692
104,-4.423,0.622868619,0.208074705,-1.478542261,0.716184373,,0.763171885,0.738532911,0.772410059,0.761232673
105,-5.072,0.64516524,0.055120694,-0.501317982,0.596407442,,0.760440504,0.543197568,0.775430642,0.750800809
106,-3.206,-0.553204334,-0.302969825,-0.118998798,0.303611697,,0.753252804,0.790441233,0.786285966,0.739614527
107,-2.3,0.306013302,-0.269231534,-1.027786676,0.638837771,,0.79248459,0.768279105,0.728217209,0.76473001
108,-0.351,-2.177985873,0.444361761,0.030385098,0.6490221,,0.544864869,0.779010998,0.779938452,0.750491353
109,-1.299,0.411230394,0.488237926,0.434319469,-0.655011634,,0.555671415,0.753859159,0.759200072,0.749945139
110,-2.09,-1.063126309,0.086025136,0.261896596,0.273473892,,0.766368661,0.438943456,0.707345348,0.77905803
111,-0.23,-0.291780244,0.273502669,-0.071950228,0.651230029,,0.770565314,0.754813395,0.763160286,0.761657662
112,-4.278,-0.171606022,0.614674978,-0.703023665,0.63873818,,0.762479451,0.753854378,0.663189832,0.771592108
113,-3.162,0.066182617,0.238744557,0.077166683,0.050803006,,0.747601556,0.758327176,0.769821845,0.76902303
114,-1.194,0.172089662,0.006352229,-0.216847015,0.277688934,,0.505177628,0.74993355,0.787511218,0.778547789
115,-3.293,0.547545039,0.181246901,0.12110453,0.457586691,,0.789464014,0.790406724,0.77149123,0.767453436
116,-7.009,0.096258849,-0.39310233,0.416120914,0.607334464,,0.689785404,0.774746468,0.651680934,0.7535487
117,-1.135,0.488895313,0.428855102,0.184231414,0.154636157,,0.741013055,0.739190689,0.746045778,0.780386692
118,-3.564,0.621363031,-0.061919207,0.635440906,0.445589954,,0.757638483,0.774768037,0.745501391,0.75502059
119,-2.114,-0.034077145,0.557890597,0.084093709,0.494286318,,0.779054286,0.708852099,0.764807783,0.745282223
120,-1.1,0.065219838,-0.113931013,-0.447963372,0.339621881,,0.754647316,0.783209373,0.770762702,0.772522536
121,-4.289,-0.542632442,-0.120197103,-0.203129946,0.631092503,,0.756325209,0.456119691,0.753342939,0.77610153
122,-3.428,-0.547641863,0.232691177,0.623992398,0.196477131,,0.71485219,0.763194516,0.764593454,0.764180673
123,-2.184,0.104597399,0.690924226,-0.028333878,0.20166506,,0.749694184,0.76456657,0.761981446,0.773108588
124,-2.005,0.025965745,0.392884527,0.027101641,0.190902041,,0.763499763,0.761201081,0.744923617,0.767861165
125,-0.623,0.298148124,0.474138631,0.159517761,0.414032255,,0.774542568,0.780943439,0.757415344,0.79194879
126,-1.328,0.383682897,0.335172373,0.22859182,-0.217896486,,0.759883307,0.770488484,0.767994913,0.779764049
127,-1.218,0.147259714,0.658655653,0.510269069,0.640935134,,0.584505404,0.73586084,0.761757481,0.779645619
128,-4.374,0.12313089,0.426012417,-1.284376796,0.51932161,,0.757442378,0.775520494,0.760068684,0.779132021
129,-1.558,0.545762903,-0.342115683,-1.337676984,0.257184097,,0.23127263,0.772484445,0.774832689,0.776405819
130,-2.171,0.33947202,0.696664173,0.205709679,0.572000034,,0.77597099,0.7587348,0.786126521,0.726661199
131,-0.239,0.349644271,0.557645564,0.558252002,0.633451178,,0.743737697,0.770284578,0.751223469,0.766095152
132,-2.287,0.431112083,0.552495786,-0.6130426,0.506485742,,0.762940643,0.609324035,0.752900593,0.755632795
133,-0.198,0.028271811,0.126908862,-0.010594268,0.602787293,,0.759754402,0.779672448,0.753414436,0.753034492
134,-1.316,0.509783982,0.487023887,-0.276787124,0.471106675,,0.778746477,0.469939346,0.789093193,0.7702592
135,-2.057,0.467689578,-0.038928515,-0.033865037,0.385812197,,0.762955097,0.772312196,0.78573495,0.784180215
136,-1.032,0.463260112,0.658326919,-0.236511253,0.573017235,,0.757108126,0.759706311,0.760398724,0.443400353
137,-2.024,0.658786865,0.293313088,-0.405810503,0.285274064,,0.724109111,0.765194594,0.779141541,0.76764525
138,-1.085,-0.273957719,0.680885072,0.116273246,-0.358777489,,0.730075355,0.675442828,0.773478595,0.763206151
139,-1.243,-0.072541543,0.563855783,0.076197945,0.570752296,,0.36586992,0.7701067,0.778488661,0.758267825
140,-0.579,-0.60407346,0.54140437,0.160292705,0.591330042,,0.754952665,0.767490152,0.7416924,0.777631681
141,-6.098,-0.099219918,0.620318639,0.123789561,-0.196422991,,0.775601743,0.768503917,0.691495283,0.770480535
142,-5.354,0.587711583,0.342826292,-0.543188603,0.013185251,,0.748744391,0.781084938,0.72078934,0.774594013
143,-2.131,0.549864564,-0.190958626,-0.467582146,0.5215059,,0.40321593,0.784107788,0.785504961,0.76629316
144,-4.276,0.591214209,0.076907576,0.575495243,0.620353394,,0.778038778,0.778736614,0.73892959,0.758039217
145,-6.333,0.54810589,0.577483522,0.571515025,0.648880835,,0.552957224,0.781645241,0.773911282,0.785816253
146,-7.045,0.240811378,0.303471682,0.672180489,0.727738968,,0.786201296,0.774591738,0.758195564,0.757689354
147,-2.16,0.326204044,0.340466848,0.44599204,0.332211581,,0.778075119,0.777201852,0.770801407,0.745308303
148,-5.157,-0.268992246,0.463819085,-0.489371185,0.602850971,,0.776124594,0.77004221,0.664270412,0.781946845
149,-5.052,0.662054397,0.581580072,0.581017571,0.404577423,,0.771724141,0.776010842,0.567790176,0.760145488
150,-4.039,-0.716729339,-0.19538873,0.464300976,0.372050022,,0.767860009,0.778899,0.768898295,0.768196251
151,-2.378,-0.332002219,0.477816944,0.206641839,0.679954477,,0.711813838,0.782857407,0.73890576,0.788542863
152,-5.842,-0.259789162,0.594064127,-0.021099704,0.746221462,,0.788410227,0.775738398,0.773284467,0.762397391
153,-5.12,-0.042173086,0.02969364,-0.79081438,0.531213783,,0.787205898,0.617170756,0.76527187,0.772048887
154,-5.217,-0.196122663,0.66354599,-0.882315261,0.691659611,,0.782936372,0.719963405,0.728439233,0.767328807
155,-6.217,0.65723912,0.393666278,0.223007772,0.479310847,,0.784113947,0.755002415,0.779045771,0.781798322
156,-3.206,0.480632985,0.555179631,0.186653415,0.741426681,,0.774343017,0.766501863,0.729898122,0.757611227
157,-3.324,0.295367875,0.315625484,0.547042862,0.720762332,,0.771289159,0.747868134,0.773691284,0.772501727
158,-4.096,0.521396212,0.297552644,0.33088749,0.74980502,,0.764582246,0.757376495,0.529624566,0.773960711
159,-4.048,0.174857985,0.500812822,-0.202663289,0.233829474,,0.740602658,0.759989787,0.764375856,0.774254836
160,-3.256,-0.913842318,0.315429724,0.420655275,0.637985698,,0.76314554,0.769924852,0.764131171,0.793288523
161,-2.097,-0.228174667,0.463417313,0.491986122,0.724431967,,0.76873807,0.765841594,0.745236484,0.780463074
162,-2.354,0.454730866,0.671057118,-0.732962104,0.73397676,,0.763961925,0.781973094,0.77245302,0.75440362
163,-2.193,0.474333048,0.655160994,0.419658069,0.387673486,,0.789436642,0.624305353,0.781906985,0.778023858
164,-2.208,0.285377919,0.212747849,-0.037309601,0.694226705,,0.711480389,0.771034697,0.765872135,0.767156775
165,-2.222,0.165699549,0.469476994,0.382044686,0.612665285,,0.780470088,0.767798454,0.780214698,0.772894407
166,-2.012,-0.496931052,0.167434618,0.395065551,0.03523563,,0.782563785,0.754256966,0.761095329,0.766066511
167,-3.222,0.600069528,0.191261704,-0.333273568,0.496587746,,0.784302575,0.766802152,0.775219433,0.783820863
168,-3.106,0.568752347,0.440571731,0.325084014,0.39392812,,0.784721184,0.766477235,0.675228913,0.554787648
169,-3.244,0.526000643,0.317516272,0.648151566,0.702615281,,0.761129704,0.623140486,0.461655445,0.77087294
170,-5.174,-0.040262458,0.031617799,0.65296717,-0.116443071,,0.746417221,0.78147972,0.431272377,0.541619233
171,-5.162,0.262499744,0.145199288,0.530618504,0.521365252,,0.771724008,0.761935904,0.760214919,0.770974905
172,-4.082,0.171375308,-0.134838564,0.482162704,0.493629159,,0.755396255,0.770635074,0.766647469,0.768000426
173,-5.13,0.34826848,0.609950981,0.495330016,0.401472304,,0.545681322,0.720920929,0.723140701,0.779541554
174,-4.111,0.145836,-0.262327419,0.713009655,0.694716397,,0.765453117,0.780572964,0.767760683,0.76198982
175,-2.344,-0.154947698,0.710757034,0.262299066,-0.023545154,,0.7727036,0.786725554,0.769907179,0.774486606
176,-4.167,-0.217368579,-0.335725405,0.698810059,0.553740069,,,0.470622969,0.636136975,0.769742381
177,-4.618,0.287288601,0.42676212,0.656859337,0.675075878,,,0.759833894,0.761611318,0.770331274
178,-2.981,0.129341391,0.723203425,-0.238543391,0.702939603,,,0.788243825,0.753482195,0.757451871
179,-3.008,0.252747211,0.351151369,0.205136193,0.732203899,,,0.76634976,0.760691934,0.770433277
180,-4.955,0.185479913,0.296188359,0.663302157,0.638519288,,,,0.78630293,0.546061299
181,-0.104,0.470138283,0.370528142,0.655554354,0.726998617,,,,0.724774792,0.778071032
182,-2.105,0.149851088,0.671079874,0.166339261,0.230984313,,,,,0.479159066
183,-3.325,-0.339761089,0.701922405,0.431807844,0.326614212,,,,,0.787597145
184,-2.114,-0.238587933,0.623988301,0.604435063,-1.117471389,,,,,0.740034083
185,-1.551,-0.009917834,-0.209339069,0.553651312,0.278485545,,,,,0.783164197
186,-1.073,0.38619645,0.625091141,0.552400148,0.273432501,,,,,0.771141462
187,-4.088,-0.179419572,-0.674467603,0.485908281,0.659790456,,,,,0.782943097
188,-2.225,0.055931732,0.647035079,0.349510323,0.669530734,,,,,0.781159146
189,-2.151,0.057007161,0.503049053,0.622986414,0.535178783,,,,,0.782041473
190,-1.229,0.124834906,0.582516525,0.342577471,0.656081512,,,,,0.781121
191,-2.082,0.545051038,0.060618462,-0.432817503,0.541792606,,,,,0.776508824
192,-3.261,-0.148241408,-0.263275773,0.685050843,0.447299288,,,,,0.759494695
193,-4.06,0.680949015,0.511767842,0.001024132,0.731447113,,,,,0.771599396
194,-2.866,-0.537502215,0.189290313,-0.0347886,0.646998412,,,,,0.763781597
195,-2.074,0.673186831,0.132026708,0.282507616,0.536224467,,,,,0.79455838
196,-2.21,-0.24857599,0.446144743,0.620715464,0.549795736,,,,,0.774939488
197,-3.023,0.173382266,0.506879106,0.697264224,0.741907169,,,,,0.775977396
198,-1.236,0.616870036,0.608026965,0.65221988,0.590054933,,,,,0.770916738
199,-3.185,0.137903096,0.547209734,-0.016191801,0.48682659,,,,,0.767015268
200,-4.264,0.602781105,0.386949409,0.479005105,0.34335106,,,,,0.785173523
201,-1.139,0.638002161,0.576128982,0.687555596,0.442314323,,,,,0.776114662
202,-2.101,0.324603065,0.53157535,0.394729887,0.716785931,,,,,0.762533627
203,-4.033,0.533242918,0.455299123,0.659672061,0.554410201,,,,,0.785254629
204,-1.05,-0.098919642,0.637942364,0.523581099,0.514407019,,,,,0.77293428
205,-2.065,0.411732191,0.593000989,0.458359945,0.63194071,,,,,0.763863196
206,-2.044,0.177397652,0.319729845,0.275339772,0.748942333,,,,,0.759619912
207,-2.197,0.048952941,0.706055872,0.089565623,0.549327556,,,,,0.780818007
208,-1.311,0.618646975,0.316428844,0.389072945,0.614089151,,,,,
209,-0.004,-0.316338155,0.501735517,0.223567506,0.586362826,,,,,
210,-1.212,-0.233866751,0.679618722,-0.005731585,0.362865163,,,,,
211,-3.948,0.632617484,0.718469803,0.699088694,0.715765359,,,,,
212,-3.152,0.647931633,0.399372452,0.03173019,0.46670627,,,,,
213,-2.035,-0.089734792,0.284740102,-0.240983692,0.689132489,,,,,
214,-1.06,0.171699965,0.503600427,0.651251406,0.398519552,,,,,
215,-3.197,0.440729737,0.467475311,0.456319733,0.446738916,,,,,
216,-1.023,0.417349032,0.422014591,0.47597552,0.745639354,,,,,
217,-1.082,0.559183652,0.50451885,0.413921066,0.602178032,,,,,
218,-1.101,0.580611216,0.427886353,-0.609519697,0.694001303,,,,,
219,-1.166,0.286283601,0.65049463,0.188624598,0.228604229,,,,,
220,-1.034,0.536136214,0.508652089,-0.544354589,0.004680969,,,,,
221,-1.115,0.143725239,0.5586169,0.139531608,-0.230513298,,,,,
222,-1.048,0.262951305,0.49020213,0.702600847,0.489222586,,,,,
223,-0.182,-0.084005393,0.289162847,0.464418809,0.248770024,,,,,
224,-2.077,0.57386227,0.080138613,-0.40929526,0.437813737,,,,,
225,-2.125,0.693784141,0.718532229,0.635953391,0.693987341,,,,,
226,-2.147,0.486123986,0.37572015,0.397152278,0.641116735,,,,,
227,-2.337,0.64666119,0.718653942,0.465788455,0.62267568,,,,,
228,-0.125,0.675023849,0.730646307,0.234506557,0.651129998,,,,,
229,-1.122,0.613701186,0.463358387,0.44169701,0.667650587,,,,,
230,-2.111,0.585485516,0.400284627,0.370879805,0.718269257,,,,,
231,-2.346,0.628670448,0.698036208,0.708249651,0.736695424,,,,,
232,-2.018,-0.085340634,0.686974037,0.418758132,0.419991654,,,,,
233,-3.124,0.321117162,0.634334805,-0.00849357,0.565525991,,,,,
234,-1.16,0.430023345,0.27507855,0.028330814,0.726664975,,,,,
235,-1.034,0.669154781,0.18327663,0.361140543,0.716357082,,,,,
236,-3.022,0.574625841,0.478049196,-0.132142919,0.475826685,,,,,
237,-4.096,0.185699936,0.004345241,-0.08968427,0.717921242,,,,,
238,-3.043,0.630322943,-0.054905306,0.254268579,0.497065885,,,,,
239,-3.151,0.683543002,0.642186454,0.343000665,0.711719084,,,,,
240,-0.966,0.47460844,0.60441964,0.708297817,0.711682171,,,,,
241,-1.11,-0.253861655,0.449990784,-0.019280942,0.476335436,,,,,
242,-0.534,0.210647553,0.34572552,0.230517139,0.727666299,,,,,
243,-3.036,0.382908111,0.641749065,0.524336115,0.702207203,,,,,
244,-4.103,-0.090441243,0.359166412,0.32257874,0.336159426,,,,,
245,-2.988,0.469370075,0.492633933,0.423599863,0.324616593,,,,,
246,-2.183,0.588483178,0.700952641,0.7129136,0.684559524,,,,,
247,-1.223,0.65757379,0.174341392,-0.012515105,0.719160544,,,,,
248,-0.287,0.254509401,0.71205485,0.688020495,0.426909035,,,,,
249,-0.368,0.41864082,0.680030403,0.294833017,0.656118903,,,,,
250,-0.989,0.481575388,0.077393465,0.261865534,0.665432172,,,,,
251,-2.019,-0.11215048,0.712532533,0.674614823,0.554696457,,,,,
252,-0.166,0.548613116,0.291177214,0.281580541,0.51851819,,,,,
253,-0.247,0.150682055,0.606235444,-0.004275295,0.376208723,,,,,
254,-2.043,0.162753545,0.547328034,0.6314156,0.656973097,,,,,
255,-2.052,0.618697492,0.722740692,0.455547779,0.111217931,,,,,
256,-2.082,0.266207221,0.738370403,0.370601698,0.55881166,,,,,
257,-0.09,0.01966957,0.076884336,0.510920719,0.290051167,,,,,
258,-0.103,0.695300662,0.343380427,0.463675662,0.645747185,,,,,
259,-1.142,0.613595939,0.651976771,0.447510067,0.680708917,,,,,
260,-0.238,0.162971369,0.483496774,0.554956444,0.607662696,,,,,
261,-0.175,-0.09222556,-0.028018505,0.248986721,-0.29895907,,,,,
262,-2.111,-0.592400467,0.457093842,0.535608117,0.668147536,,,,,
263,-2.066,-0.298038355,0.417864187,0.675519084,0.655726084,,,,,
264,-1.271,0.601696169,0.566892892,0.705814244,0.239391139,,,,,
265,-0.049,0.424299598,0.733243897,0.403590772,0.468868217,,,,,
266,-2.09,0.365516374,0.38966238,0.332847492,0.411505603,,,,,
267,-1.035,0.286867967,0.681051649,0.379562671,0.538105099,,,,,
268,-2.066,0.702902917,0.588293037,0.402804299,0.334298684,,,,,
269,-0.008,0.663491379,-0.016038493,0.450516494,0.465892288,,,,,
270,-0.018,0.602918201,0.660164461,0.301486868,0.730811147,,,,,
271,0.016,0.077142826,0.500050797,0.488428143,0.755161905,,,,,
272,-0.044,-0.000555367,0.633127177,0.586969731,0.482252375,,,,,
273,-2.076,0.606431299,0.477241274,0.491552597,0.480328536,,,,,
274,-0.034,0.665966709,0.380295031,0.523807519,0.505964979,,,,,
275,-0.189,0.67826222,-0.202668205,0.382661158,0.246358375,,,,,
276,-1.191,0.591554466,0.386186477,0.70001003,0.717308139,,,,,
277,-2.027,0.063491742,0.745543154,0.625429698,0.334071388,,,,,
278,-0.038,0.463537528,0.467839904,0.42581309,0.714194618,,,,,
279,-3.131,0.319316121,0.239954456,0.159648639,0.720579021,,,,,
280,-0.169,0.582248591,0.472836355,0.291854463,0.423121458,,,,,
281,-0.003,0.573120715,0.334951613,0.10263618,0.455008854,,,,,
282,-3.43E-16,0.704449288,0.721160626,0.63412497,0.671779741,,,,,
283,-0.981,-0.008343964,0.455747511,0.59297114,0.739771498,,,,,
284,-0.103,0.551960306,0.727495586,0.70754171,0.731037112,,,,,
285,-1.133,-0.0726849,0.261307713,0.560780337,0.4616543,,,,,
286,0.007,0.65727984,0.737961875,0.702689492,0.690378518,,,,,
287,-0.989,0.232254095,0.237420381,0.094930882,0.482861571,,,,,
288,-0.306,0.47826431,0.264304478,0.386251582,0.462155925,,,,,
289,-0.055,0.555111334,0.443165792,0.611326085,0.33897882,,,,,
290,-0.125,0.27601361,0.671635008,-0.09890408,0.500169375,,,,,
291,0.009,0.180253583,0.492683126,0.592752677,0.723127989,,,,,
292,-0.097,0.028061488,0.265671027,0.134300786,0.509521607,,,,,
293,-0.036,0.427229347,0.183244514,0.294936795,0.447700981,,,,,
294,-0.43,0.638317943,0.235665817,-0.946295585,0.435757115,,,,,
295,-2.065,0.550842316,0.426072421,0.379564485,0.737935534,,,,,
296,-2.071,0.663125758,0.642450717,0.674138373,0.707943731,,,,,
297,-0.038,0.34166046,0.579698174,0.587206118,0.253981237,,,,,
298,-1.053,0.666854943,0.637980306,0.575140045,0.69172475,,,,,
299,-0.974,0.668333092,0.127709371,0.414738606,0.341815494,,,,,
300,-1.087,0.483103007,0.389158057,0.108798736,-0.002509902,,,,,
301,-0.072,0.327075938,0.739061244,0.445932127,0.603716822,,,,,
302,-0.133,-0.045165805,0.58943302,0.578210255,0.434958478,,,,,
303,-0.998,0.682074519,0.583616696,0.701699497,0.721840722,,,,,
304,-0.999,-0.105739416,0.305669842,0.605161526,0.720720894,,,,,
305,-1.036,0.56785887,0.704723327,0.602244645,0.448032655,,,,,
306,-1.046,-0.251657394,0.687823589,0.712503895,0.744871497,,,,,
307,-1.146,0.219056613,0.500506137,-0.06012067,0.690340656,,,,,
308,-0.001,0.291339964,0.730549365,0.36732845,0.67937678,,,,,
309,0.021,0.555763598,0.529618016,0.439961218,0.75119667,,,,,
310,-0.014,0.732660056,0.072949698,0.372119122,0.271566128,,,,,
311,-0.054,0.093062997,0.626635085,0.681034054,0.676135793,,,,,
312,-1.036,0.279069128,0.061070763,0.369882981,0.714055939,,,,,
313,-1.007,0.693779405,0.721983791,0.672242593,0.683310767,,,,,
314,-1.01,0.531959341,0.42724554,0.702252424,0.70744352,,,,,
315,-0.045,0.56114,0.729912876,0.407657928,0.716697672,,,,,
316,0.003,0.276045278,0.143115457,0.704039975,0.664405543,,,,,
317,-0.151,0.380675387,0.511781533,0.394809574,0.590674504,,,,,
318,-0.063,0.643731266,0.194949392,0.493319127,0.399071619,,,,,
319,-0.134,0.687487185,0.13460145,0.145592881,0.447495507,,,,,
320,-0.12,0.463515078,0.457865231,0.070123148,0.662342112,,,,,
321,-0.037,0.322003979,0.489717671,0.489829048,0.423905578,,,,,
322,-1.058,0.280052289,0.217155388,0.596730323,0.709150742,,,,,
323,-1.064,0.420834112,0.716066092,0.435712778,0.708357278,,,,,
324,-0.018,0.665929401,0.733089881,0.674073272,0.701758363,,,,,
325,-0.05,0.687112689,0.652358469,0.633205362,0.703624302,,,,,
326,-1.003,0.46706634,0.727717667,0.490265452,0.05600656,,,,,
327,-1.117,0.66299086,0.730763395,0.682685493,0.740056231,,,,,
328,0.011,0.386936378,0.722840526,0.703663733,0.394194561,,,,,
329,-0.969,0.683180811,0.455774229,0.669769544,0.468109853,,,,,
330,0.037,-0.315659438,0.553681864,0.387353353,0.653103516,,,,,
331,-0.125,0.474990027,0.057386205,0.263982234,0.742897343,,,,,
332,-0.099,0.137632485,0.700736268,0.595564828,0.731599038,,,,,
333,-1.275,0.47318423,0.600593849,0.65456177,0.740350567,,,,,
334,-1.314,0.423591057,0.550680162,0.594271556,0.714354843,,,,,
335,-0.036,0.337453825,0.692646728,0.51368553,0.751102015,,,,,
336,-0.036,0.397101474,0.687160929,0.41682655,0.752190397,,,,,
337,-0.436,0.549017772,0.7053528,0.593346192,0.585428125,,,,,
338,-0.01,0.605832468,0.710682237,0.452495536,0.528378609,,,,,
339,-0.062,0.507765428,0.728445119,0.494781972,0.728995131,,,,,
340,-0.261,0.657059569,0.473458049,0.516796562,0.720920651,,,,,
341,-0.05,0.711405373,0.767672195,0.358452278,0.748248644,,,,,
342,-0.113,0.214139116,0.65863438,0.443315765,0.726354611,,,,,
343,0.006,0.49275652,0.734495789,0.338758257,0.414835504,,,,,
344,-0.063,0.64266075,0.608174255,0.711695624,0.729212741,,,,,
345,-1.03,0.445045547,0.535220083,0.394805346,0.71663188,,,,,
346,-0.019,0.643573572,0.509348194,0.705957829,0.745570447,,,,,
347,-0.016,0.304466528,0.685366351,0.547471273,0.575704054,,,,,
348,-0.355,0.368907351,0.469974413,0.664377956,0.144691577,,,,,
349,-0.158,0.436085128,0.667440721,-0.103298434,0.496472661,,,,,
350,-0.107,0.181322477,0.221442407,0.734141684,0.752442859,,,,,
351,-0.057,0.284757755,0.486097716,0.731514001,0.731989307,,,,,
352,-0.159,0.514852377,0.572360097,0.399452647,0.603633294,,,,,
353,-1.03,0.729059739,0.383392031,0.717478721,0.64072924,,,,,
354,-1.029,0.683634004,0.533458727,0.660998689,0.721648145,,,,,
355,-0.127,0.349133172,0.552982404,-0.229767192,0.740957428,,,,,
356,-0.083,0.608598004,0.726963677,0.186458278,0.719691319,,,,,
357,0.03,0.471976314,0.552382999,0.196094524,0.538771742,,,,,
358,-1.057,0.641249142,0.698196258,0.70592211,0.669801451,,,,,
359,-0.113,0.304978026,0.504181267,0.231742864,0.477482387,,,,,
360,-0.053,-0.164033494,0.229358035,0.702919688,0.704936814,,,,,
361,-0.011,0.457301124,0.50735358,0.694944514,0.294566889,,,,,
362,-0.021,0.326114565,0.553734723,0.670702045,0.723975991,,,,,
363,-0.06,0.158823517,0.476899259,0.152448955,0.502177256,,,,,
364,-0.076,-0.249632601,0.459244108,0.646879617,0.564452991,,,,,
365,-1.122,-0.105705385,0.492678035,0.396732599,0.667255857,,,,,
366,-0.929,0.630227048,0.548928404,0.682681668,0.700891286,,,,,
367,-1.012,-0.050498363,0.632280136,0.72750471,0.445876644,,,,,
368,0.005,-0.751817072,0.726735181,0.697014404,0.745899194,,,,,
369,0.021,0.050069723,0.432982477,0.326201581,0.510739794,,,,,
370,-4.036,0.203601851,0.434680766,0.078521645,0.716302155,,,,,
371,-3.39E-16,0.338430405,0.711671875,-0.017431726,0.548080388,,,,,
372,-0.969,-0.373376203,0.660758938,0.621384057,0.106409171,,,,,
373,-1.052,0.665622697,0.740219812,0.606258944,0.698526037,,,,,
374,-0.098,0.631580366,0.681122092,0.522959242,0.184321649,,,,,
375,-2.128,-0.039239829,0.498209374,0.389078344,0.739179061,,,,,
376,-0.06,-0.473573081,0.690989763,0.744330263,0.739953178,,,,,
377,-0.116,0.613411568,0.49201005,0.733734385,0.668897647,,,,,
378,-0.992,0.67729783,0.724053558,0.639418474,0.32409598,,,,,
379,-1.064,0.30970014,0.740042863,0.730185357,0.740012594,,,,,
380,-3.41E-16,0.091078187,0.374145825,0.493777492,0.736464838,,,,,
381,0.028,0.226086946,0.472722699,0.550635922,0.718209402,,,,,
382,-0.978,0.507878092,0.718662326,0.748671804,0.465647658,,,,,
383,0.016,-0.144158934,0.152234596,0.584161048,0.530221137,,,,,
384,-0.066,0.516214682,0.69114954,0.702414574,0.742905213,,,,,
385,-2.047,0.296181095,0.549625487,0.48583845,0.50717545,,,,,
386,-2.067,0.575110997,0.280337755,0.736288872,0.643811697,,,,,
387,-1.067,0.36281816,0.728652497,0.393658739,0.743629242,,,,,
388,-0.095,0.42088521,0.397856651,0.502051341,0.475722166,,,,,
389,-0.098,0.207552507,0.745865653,0.457984901,0.326250034,,,,,
390,-1.051,0.687745587,0.729808758,0.684057851,0.432645707,,,,,
391,-0.116,0.46001396,0.686596851,0.546747158,0.737175428,,,,,
392,-0.966,0.522929095,0.43749219,0.326677722,0.673334706,,,,,
393,-2.036,0.650493442,0.711104828,0.716229637,0.229533353,,,,,
394,-0.333,0.471843902,0.742178512,0.678084561,0.741614804,,,,,
395,-0.009,0.696842512,0.710825015,0.465765205,0.749025422,,,,,
396,-3.18E-16,0.145390479,0.739040963,0.700322596,0.47062597,,,,,
397,-0.07,0.018603422,0.255841115,0.737297598,0.736248949,,,,,
398,0.05,0.034569949,0.603267133,0.704612356,0.752223148,,,,,
399,-0.081,0.407277163,0.742388787,0.726511647,0.735811914,,,,,
400,-0.049,0.62137968,-0.272941965,0.251260379,0.729769506,,,,,
401,-0.011,-0.011425115,0.61562209,0.71697909,0.513640907,,,,,
402,-1.005,0.691101597,0.58003001,0.699450468,0.521860419,,,,,
403,-0.991,0.578191591,0.114270103,0.713383663,0.487584955,,,,,
404,-0.075,0.642037792,0.735883155,0.696660968,0.734170375,,,,,
405,-0.006,0.699824466,0.74619757,0.733513089,0.720119872,,,,,
406,-0.028,0.572937905,0.6628378,0.751854926,0.591899447,,,,,
407,-0.077,0.662736397,0.64099103,0.708272572,0.739165398,,,,,
408,-0.022,0.540134533,0.547257221,0.658213731,-0.059914691,,,,,
409,-0.021,0.490033265,0.224795271,0.451958646,0.53865361,,,,,
410,-0.062,0.718047004,0.313326111,0.756124818,0.439703661,,,,,
411,-0.011,0.54406259,0.698127634,0.306763914,0.744574273,,,,,
412,-2.004,0.357901103,0.544233514,0.664143803,0.490876156,,,,,
413,-0.063,0.300716926,0.465590042,0.705710558,0.357623472,,,,,
414,-0.038,0.70028324,0.7297832,0.742015033,0.63240744,,,,,
415,-0.006,0.526842103,0.493625113,0.424451011,0.729157934,,,,,
416,-0.924,0.647964492,0.480957157,0.746612577,0.703254363,,,,,
417,-0.208,0.432908659,0.561738348,0.696405669,0.020373838,,,,,
418,-0.046,0.023126957,0.711038675,0.732662999,0.718615435,,,,,
419,-0.035,0.495625322,0.741731624,0.610055404,0.702958908,,,,,
420,-0.063,0.483124455,0.701075449,0.711403766,0.741718754,,,,,
421,0.008,0.599204288,0.738810817,0.454619408,0.590162706,,,,,
422,0.038,0.52887414,0.735217034,0.562716396,0.728323885,,,,,
423,-0.084,0.663460147,0.745373023,0.699229133,0.697533432,,,,,
424,-0.291,0.679156899,0.450085197,0.458749653,0.716467259,,,,,
425,0.011,0.265720858,0.708824473,0.747744553,0.504262596,,,,,
426,-0.057,0.683466133,0.501597586,0.523115819,0.746957651,,,,,
427,0.03,0.136085218,0.74847405,0.707657328,0.750324667,,,,,
428,-1.005,0.632427652,0.741041491,0.698905655,0.740402966,,,,,
429,-0.033,0.598279646,0.625270008,0.735347469,0.733805773,,,,,
430,-0.037,0.630112991,0.675858973,0.728157674,0.733441089,,,,,
431,-1,0.313134299,0.672145095,0.532865351,0.756117141,,,,,
432,-0.044,0.456807129,0.752319655,0.74264859,0.73784894,,,,,
433,-0.136,0.708466414,0.755140643,0.710861328,0.705571441,,,,,
434,-0.081,0.495645496,0.720413381,-0.174862322,0.260163143,,,,,
435,-0.078,0.640691122,0.680499089,0.589080418,0.448531974,,,,,
436,0.033,0.282175676,0.590530615,0.504963483,0.73397636,,,,,
437,-0.039,0.290412231,0.734659406,0.741580513,0.382014494,,,,,
438,-0.092,0.192180652,0.689130558,0.487148444,0.645315057,,,,,
439,-0.468,0.47887094,0.500377293,0.55190585,0.745346289,,,,,
440,0.038,0.137735695,0.486498963,0.553791327,0.75205724,,,,,
441,-1.033,0.708956189,0.66906417,0.296365898,0.71942863,,,,,
442,-0.058,0.353888426,0.736841271,0.600495243,0.47724087,,,,,
443,-0.031,0.469479186,0.737054357,0.658140961,0.757549457,,,,,
444,-0.148,0.577618002,0.713455098,0.714945695,0.736385173,,,,,
445,0.003,0.657577358,0.703410495,0.271982665,0.713462811,,,,,
446,-0.097,0.716635691,0.429167185,0.388748919,0.733092543,,,,,
447,-0.97,0.717600587,0.552140759,0.707544653,0.716700824,,,,,
448,-2.997,0.718348871,0.737477148,0.735508118,0.485239647,,,,,
449,0.05,0.048826179,0.712835772,0.51821676,0.655898426,,,,,
450,-0.068,0.621411882,0.666862725,0.39315826,0.493137185,,,,,
451,-0.235,0.218967576,0.297810148,0.697563871,0.475508429,,,,,
452,0.016,0.51728261,0.492258508,0.518731224,0.592714744,,,,,
453,0.015,0.456020871,0.494323873,0.391058124,0.697532177,,,,,
454,-0.1,0.511024792,0.737246572,0.677927164,0.76576761,,,,,
455,0.009,0.441805541,0.708256894,0.23675782,0.75845217,,,,,
456,0.016,0.687030347,0.741364403,0.464303993,0.723851512,,,,,
457,-0.02,0.608947757,0.620791807,0.728922563,0.621230908,,,,,
458,0.029,0.665642626,0.747617273,0.55124658,0.721053359,,,,,
459,0.02,0.412102093,0.545898794,0.271425056,0.751655506,,,,,
460,0.025,0.358686355,0.489776237,0.660450908,0.73784563,,,,,
461,-0.954,0.544985659,0.733905407,0.70876398,0.584254306,,,,,
462,-0.058,-0.364729319,0.730853112,0.519150475,0.743435379,,,,,
463,0.008,0.170395136,0.506235439,0.750348217,0.738782091,,,,,
464,0.004,0.600246135,0.737494387,0.612686627,0.738123133,,,,,
465,-0.076,0.450677333,0.720273536,0.703627353,0.529850111,,,,,
466,-0.064,0.651433444,0.531455453,0.705286068,0.247079406,,,,,
467,-0.072,0.567219732,0.714234586,0.564096022,0.578356787,,,,,
468,-0.066,0.489251854,0.332894127,0.24937297,0.75944197,,,,,
469,-0.07,0.580621125,0.7497715,0.733587415,0.716157327,,,,,
470,0.045,0.51579129,0.661030401,0.520738497,0.137006113,,,,,
471,0.026,0.708668163,0.717929358,0.441741793,0.442304378,,,,,
472,-1.034,0.437412213,0.683197893,0.666550777,0.357009713,,,,,
473,0.021,0.681610552,0.619600742,0.573695661,0.664812613,,,,,
474,0.012,0.652762273,0.451149277,0.514536455,0.603693022,,,,,
475,-0.96,0.675836974,0.533809214,0.710145897,0.475160537,,,,,
476,0.004,0.368139282,0.506825847,0.553474951,0.754315086,,,,,
477,0.018,0.40655748,0.754763133,0.73304046,0.704049423,,,,,
478,-0.074,0.680585719,0.756623555,0.661327561,0.708981192,,,,,
479,-1.117,0.718795617,0.707931285,0.724031453,0.430202522,,,,,
480,0.008,0.670414994,0.715458924,0.697387782,0.722492995,,,,,
481,-0.085,0.661535617,0.689027473,0.701537127,0.748640002,,,,,
482,-0.038,0.272858854,0.443977506,0.729452975,0.747023583,,,,,
483,-0.02,0.650086774,0.457731446,0.631038322,0.390499886,,,,,
484,0.01,0.694284767,0.740837013,0.62712595,0.731998073,,,,,
485,-0.285,0.716615215,0.559435474,0.719447061,0.728125984,,,,,
486,-0.062,0.688326933,0.584654405,0.715571891,0.736796501,,,,,
487,-0.042,0.702574119,0.557063687,0.727240396,0.720570251,,,,,
488,-0.056,0.528366266,0.71526676,0.744424394,0.505390366,,,,,
489,-0.049,0.695671017,0.491973735,0.709141927,0.726177311,,,,,
490,-0.046,0.706279384,0.728526947,0.524044772,0.738920256,,,,,
491,-0.066,0.707604062,0.756547858,0.699389526,0.728961148,,,,,
492,-2.05,0.639648567,0.510827707,0.72704301,0.634514801,,,,,
493,-0.021,0.633384698,0.705778912,0.671548596,0.750745762,,,,,
494,-0.142,0.647795328,0.687938479,0.661023057,0.642803055,,,,,
495,-0.102,0.677769505,0.543447012,0.568546784,0.616676496,,,,,
496,-0.061,0.63883698,0.665905548,0.688778099,0.636384753,,,,,
497,-1.059,0.60460746,0.680409901,0.650806597,0.383799916,,,,,
498,0.023,0.730984806,0.479634554,0.707488234,0.722342572,,,,,
499,-0.029,0.579048185,0.722872631,0.657951113,0.742379523,,,,,
500,-0.026,0.641840883,0.574324575,0.730813759,0.736481209,,,,,
501,0.033,0.712331909,0.729261127,0.706867678,0.76791722,,,,,
502,-0.04,0.657283731,0.451494084,0.747852194,0.475418971,,,,,
503,-2.993,0.711689237,0.725611126,0.138006985,0.752589923,,,,,
504,0.049,0.627226873,0.727732596,0.727646588,0.75932047,,,,,
505,-0.149,0.669324634,0.711078884,0.656275809,0.63061048,,,,,
506,-0.398,0.669041782,0.500182484,0.474031334,0.737104711,,,,,
507,0.007,0.678456704,0.718778813,0.550631507,0.732724937,,,,,
508,-0.935,0.333418772,0.57593452,0.574475159,0.497768305,,,,,
509,-0.961,0.690366171,0.518102415,0.719803108,0.759764858,,,,,
510,-0.006,0.637288301,0.725325532,0.650885315,0.755255043,,,,,
511,-0.046,0.45539046,0.530836804,0.500010757,0.464786808,,,,,
512,-0.002,0.686544099,0.752962257,0.689693562,0.760947728,,,,,
513,-0.037,0.626992858,0.504954203,0.554433289,0.508168576,,,,,
514,-0.011,0.649372428,0.744959545,0.769323462,0.753534063,,,,,
515,-0.012,0.499479313,0.746573699,0.45682444,0.758030738,,,,,
516,-0.053,0.419088165,0.744254282,0.730596202,0.760173933,,,,,
517,-0.032,0.742443854,0.743091661,0.469126778,0.724088182,,,,,
518,-1.044,0.436319551,0.737796724,0.733311673,0.49097049,,,,,
519,-0.053,0.493184199,0.751466446,0.650606106,0.750147072,,,,,
520,-0.004,0.272718572,0.725631023,0.734114886,0.606165325,,,,,
521,-0.023,0.128896728,0.69052998,0.53049244,0.294315742,,,,,
522,-0.027,0.66299871,0.725486422,0.471311923,0.681830117,,,,,
523,-0.05,0.678142314,0.528630317,0.307313315,0.72709415,,,,,
524,0.026,0.17200823,0.703315474,0.55780458,0.742778963,,,,,
525,-0.108,0.682339252,0.602536996,0.641915368,0.74221424,,,,,
526,0.03,0.650584873,0.726535828,0.510892108,0.743328215,,,,,
527,-0.101,0.542455916,0.736547101,0.731778599,0.728450733,,,,,
528,-0.043,0.624983266,0.513787603,0.710400148,0.759332323,,,,,
529,-0.031,0.45095622,0.276857372,0.5003747,0.599799872,,,,,
530,0.007,0.680525009,0.498173925,0.479012551,0.768107331,,,,,
531,0.03,0.712899517,0.662778281,0.740795365,0.748055268,,,,,
532,-1.092,0.733016804,0.591167598,0.73572642,0.734479658,,,,,
533,-0.048,0.470612764,0.743328381,0.723696119,0.530177788,,,,,
534,-0.083,0.348387928,0.700098923,0.736068015,0.690828146,,,,,
535,-1.06,0.71767901,0.766805304,0.710193301,0.754568376,,,,,
536,-0.023,0.451052146,0.72017529,0.695626691,0.539474943,,,,,
537,-0.024,0.580420875,0.7413603,0.709573622,0.607660533,,,,,
538,0.001,0.73059834,0.524361548,0.684792418,0.327420036,,,,,
539,-0.024,0.689144203,0.72200478,0.585411682,0.287026723,,,,,
540,-0.031,0.702741478,0.691299729,0.375734672,0.458580627,,,,,
541,-0.124,0.309472204,0.573232069,0.719487708,0.203274725,,,,,
542,-1.019,0.101238851,0.689193578,0.160437592,0.536766865,,,,,
543,0.028,0.249276666,0.483919029,0.322676131,0.715649875,,,,,
544,0.041,0.402927885,0.531197616,0.748761979,0.467041488,,,,,
545,-0.037,0.62985692,0.530223305,0.759424319,0.182863145,,,,,
546,-0.029,0.691031709,0.755459684,0.463648599,0.028131331,,,,,
547,-0.013,0.203384048,0.723758757,0.213088686,0.537476185,,,,,
548,0.023,0.566922898,0.725771799,0.250293026,0.478746622,,,,,
549,-0.027,0.499369379,0.586050195,0.545004419,0.28171616,,,,,
550,-2.01,0.661779607,0.622357749,0.729462311,0.520524145,,,,,
551,-1.151,0.702420534,0.740776682,0.317204372,0.766352485,,,,,
552,0.054,0.474910779,0.734696369,0.598953088,0.736019791,,,,,
553,-0.798,0.518579592,0.742956499,0.602320802,0.752037948,,,,,
554,0.017,0.348143327,0.741680872,0.74896404,0.727295358,,,,,
555,0.004,0.692013021,0.47788672,0.665792056,0.731249507,,,,,
556,0.045,0.519286227,0.481924214,0.700680798,0.744930063,,,,,
557,-0.142,0.425102863,0.378828066,0.723897788,0.769665322,,,,,
558,0.002,0.469804523,0.501843225,0.693990718,0.737252119,,,,,
559,0.061,0.666903654,0.144244647,0.689445406,0.52973157,,,,,
560,-0.043,0.726203819,0.61662204,0.469209086,0.7427843,,,,,
561,-0.018,0.690741511,0.739339556,0.40970269,0.740677913,,,,,
562,-0.073,0.459420009,0.661368124,0.731985227,0.471448532,,,,,
563,0.002,0.438785368,0.751543204,0.715245267,0.732125263,,,,,
564,-0.039,0.46030589,0.668731038,0.531121323,0.71483621,,,,,
565,-0.128,0.602443041,0.733420266,0.720868627,0.463708559,,,,,
566,-0.007,0.477808967,0.391092115,0.514830169,0.73937115,,,,,
567,-0.075,0.690221684,0.441955117,0.414988477,0.747256643,,,,,
568,-1.934,0.707309498,0.618713052,0.708821819,0.733398538,,,,,
569,0.024,0.70401622,0.682668644,0.440330581,0.717943284,,,,,
570,-1.107,0.491474625,0.666141492,0.473611108,0.744670054,,,,,
571,-0.072,0.663066263,0.714319523,0.457807113,0.227401453,,,,,
572,-0.008,0.601766305,0.738444854,0.515753069,0.716937431,,,,,
573,-0.029,0.592071726,0.743618123,0.678526336,0.756212514,,,,,
574,-0.093,0.488192457,0.704217186,0.602877724,0.23506323,,,,,
575,-1.069,0.478452304,0.757828508,0.705559885,0.745719796,,,,,
576,-0.012,0.727551033,0.506852561,0.750584177,0.279364131,,,,,
577,-1.162,0.686110051,0.731749648,0.45551795,0.510213978,,,,,
578,-0.972,0.725099238,0.546274781,0.707656353,0.533158179,,,,,
579,-0.047,0.30167247,0.685608531,0.724944532,0.725045401,,,,,
580,-0.098,0.443482533,0.722963825,0.710203405,0.758294938,,,,,
581,-0.08,0.503595991,0.717890429,0.71374751,0.7439637,,,,,
582,0.015,0.475316932,0.729987412,0.711396815,-0.138763301,,,,,
583,-0.117,0.674021338,0.742585888,0.635977267,0.220880209,,,,,
584,-0.052,0.730645083,0.752976404,0.742958067,0.765469942,,,,,
585,-0.085,0.421077448,0.674600814,0.727324738,0.750264263,,,,,
586,-0.124,0.667846586,0.738673063,0.478785338,0.742343565,,,,,
587,0.039,0.488808475,0.750042857,0.562493144,0.738429962,,,,,
588,-0.04,0.4325378,0.481334278,0.728771604,0.517902476,,,,,
589,0.006,0.487471197,0.317411539,0.733552452,0.509956089,,,,,
590,-0.017,0.479881796,0.747049092,0.713764147,0.628476755,,,,,
591,-0.992,0.544673962,0.52528789,0.718908966,0.754468518,,,,,
592,0.003,0.400813294,0.673066029,0.728436863,0.628194593,,,,,
593,-0.995,0.705342114,0.683633261,0.73091363,0.526798856,,,,,
594,-0.093,0.057518547,0.737089708,0.737455377,0.761106897,,,,,
595,-0.024,0.505475701,0.416610905,0.429872587,0.710870792,,,,,
596,0.011,0.720605785,0.695625012,0.70226152,0.737744622,,,,,
597,0.073,0.480263817,0.533815094,-0.15673061,0.305689923,,,,,
598,-1.023,0.695504421,0.74984726,0.698197402,0.747261704,,,,,
599,0.026,0.496502024,0.727607843,0.381511293,0.709688469,,,,,
600,0.057,0.408013204,0.711539928,0.634877507,0.761593962,,,,,
601,0.019,0.545607954,0.702988817,0.686489329,0.768187913,,,,,
602,-2.06,0.658231767,0.586139594,0.7409184,0.76708048,,,,,
603,0.004,0.633611621,0.565897833,0.355813768,0.621154768,,,,,
604,0.001,0.492320411,0.745309628,0.734277134,0.589860422,,,,,
605,-0.11,0.721978033,0.574825831,0.721503686,0.755890399,,,,,
606,0.033,0.588565285,0.657294526,0.498899332,-0.099532163,,,,,
607,0.009,0.49668976,0.753595074,0.669587043,0.289985562,,,,,
608,-0.007,0.310720724,0.730758301,0.675083679,0.507317879,,,,,
609,0.042,0.69727085,0.745726809,0.56858535,0.706924243,,,,,
610,-0.001,0.554411663,0.7464846,0.697189639,0.758087539,,,,,
611,-0.203,0.737335364,0.377907859,0.693495614,0.662971942,,,,,
612,-0.083,0.719823282,0.756830305,0.700525836,0.52411453,,,,,
613,-0.997,0.709552741,0.680014836,0.514354419,0.72622199,,,,,
614,-0.016,0.679850368,0.687831294,0.337001846,0.752138819,,,,,
615,-0.033,0.680337224,0.743882241,0.64813751,0.750958701,,,,,
616,-1.039,0.643589142,0.457359021,0.724050231,0.74346657,,,,,
617,-0.291,0.703702178,0.726127534,0.71531077,0.764560227,,,,,
618,-0.091,0.668079135,0.747931527,0.474634291,0.532140717,,,,,
619,-0.135,0.644644979,0.753788463,0.749395755,0.76885302,,,,,
620,-0.075,0.174231195,0.739858777,0.422698045,0.37792877,,,,,
621,-0.977,0.431924562,0.72638425,0.718021469,0.745358575,,,,,
622,-0.043,-0.44939841,0.739474072,0.745152881,0.769108077,,,,,
623,0.031,-0.163970531,0.749628492,0.721485827,0.721659874,,,,,
624,0.022,0.505732631,0.323236428,0.750099192,0.380268749,,,,,
625,0.018,0.44732456,0.749477585,0.747231153,0.527961985,,,,,
626,0.038,-0.252108349,0.536970608,0.723744514,0.74701398,,,,,
627,-0.001,0.004983161,0.719082089,0.719114888,0.679191155,,,,,
628,0.034,0.122918746,0.66666723,0.763877377,0.745789593,,,,,
629,-0.974,0.458114432,0.44105508,0.716317777,0.728357802,,,,,
630,0.007,0.161336685,0.684509272,0.659114696,0.231502092,,,,,
631,0.073,-0.182260731,0.739112552,0.056634493,0.528000834,,,,,
632,0.022,0.173116291,0.739178608,0.561229497,0.713255327,,,,,
633,0.004,0.026968869,0.551065409,0.52027467,0.646994923,,,,,
634,-1.004,0.476102352,0.671648803,0.656870906,0.735105083,,,,,
635,-0.053,0.699274179,0.392271112,0.592964931,0.757086973,,,,,
636,0.043,0.701629971,0.763108389,0.759080087,0.508013506,,,,,
637,-0.031,0.692227721,0.648396886,0.740002195,0.749202278,,,,,
638,-0.934,0.705849605,0.631331135,0.721291298,0.668801908,,,,,
639,-0.098,0.726788477,0.660457593,0.700915618,0.74273929,,,,,
640,-0.048,0.455187726,0.733035738,0.758935726,0.7454133,,,,,
641,-0.05,0.650351628,0.506048489,0.482104866,0.762554814,,,,,
642,0.006,0.459728314,0.6934658,0.689914748,0.713532267,,,,,
643,-0.935,0.687885819,0.723194246,0.729800375,0.73978769,,,,,
644,0.024,0.203882323,0.726387542,0.763229614,0.756144868,,,,,
645,-1.968,0.326775388,0.743291993,0.717681288,0.091586817,,,,,
646,-0.102,0.679401361,0.538996668,0.682319802,0.54150517,,,,,
647,-0.026,0.710724977,0.681118117,0.519626194,0.514315458,,,,,
648,-0.354,0.713447108,0.722612343,0.68267967,0.649875774,,,,,
649,-0.073,0.490112271,0.531645006,0.618470893,0.542582604,,,,,
650,-0.037,0.356882598,0.426747436,0.75505412,0.761682273,,,,,
651,-0.038,0.454823277,0.568653587,0.481508515,0.718243259,,,,,
652,-0.977,0.688144778,0.712863228,0.309589967,0.753763192,,,,,
653,-3.021,0.701968303,0.673090262,0.60466901,0.765500324,,,,,
654,-0.016,0.730819108,0.777240894,0.250301114,0.749525252,,,,,
655,-0.009,0.696098868,0.745262247,0.273056583,0.772694014,,,,,
656,-0.977,0.42704048,0.499024229,0.394588837,0.57402152,,,,,
657,-0.966,0.501188305,0.729637684,0.726948312,0.747917543,,,,,
658,-0.082,0.694338857,0.708042209,0.691389557,0.459541724,,,,,
659,-0.075,-0.321302048,0.57880103,0.709249318,0.613642011,,,,,
660,-0.149,0.246928295,0.467620212,0.744183985,0.510361701,,,,,
661,-1.093,0.517929827,0.764319457,0.755683448,0.71167092,,,,,
662,-0.111,-0.021068434,0.571755955,0.330609484,0.722694719,,,,,
663,-1.02,0.239376175,0.752706158,0.52155948,0.184207221,,,,,
664,0.022,0.61172188,0.695385346,0.648258037,0.694357116,,,,,
665,0.004,0.721663043,0.74594012,0.757501611,0.271727986,,,,,
666,0.1,0.441002917,0.485658964,0.748923213,0.533898134,,,,,
667,-0.022,0.732306529,0.743257109,0.684284684,0.67162689,,,,,
668,-1.045,0.574733664,0.726976855,0.715531161,0.746920216,,,,,
669,-0.042,0.696337782,0.615062848,0.71455711,0.289226197,,,,,
670,-0.026,0.679184289,0.710279509,0.761469702,0.58452937,,,,,
671,-0.067,0.727645685,0.732940255,0.032295793,0.707431523,,,,,
672,-0.972,0.327519364,0.750995844,0.726382535,0.538707693,,,,,
673,0.015,0.702876615,0.741674448,0.494021481,0.746073145,,,,,
674,-0.055,0.456155176,0.775146846,0.74950796,0.770260013,,,,,
675,0.04,0.496210893,0.726531485,0.755741351,0.746870939,,,,,
676,0.009,0.703745378,0.750235116,0.716127753,0.527970246,,,,,
677,-0.04,0.674992641,0.739137771,0.710161186,0.748688106,,,,,
678,0.05,0.728432882,0.719023096,0.725295759,0.747842504,,,,,
679,0.012,0.637123811,0.755056824,0.382515986,0.701458102,,,,,
680,0.047,0.682126772,0.687809235,0.750156897,0.733746224,,,,,
681,0.06,0.469226679,0.754844143,0.734837783,0.74894294,,,,,
682,0.074,0.632313788,0.500749967,0.709158569,0.714505836,,,,,
683,0.003,0.678338664,0.766813001,0.488068729,0.503501164,,,,,
684,0.06,0.665065199,0.740752019,0.461431168,0.530247631,,,,,
685,-1.017,0.550851354,0.780469125,0.359427997,0.507655283,,,,,
686,-0.121,0.495578107,0.73310208,0.719979789,0.507576998,,,,,
687,-0.09,0.673019072,0.77111725,0.620474392,0.643521673,,,,,
688,0.038,0.686298798,0.733412653,0.740351158,0.68946711,,,,,
689,0.041,0.251049413,0.67591796,0.750791129,0.425832525,,,,,
690,-0.016,0.711921098,0.749252138,0.722627042,0.609971048,,,,,
691,-0.965,0.494317868,0.504753335,0.67420845,0.732079666,,,,,
692,-2.06,0.483523943,0.62017166,0.494919348,0.644365573,,,,,
693,0.036,0.39009755,0.757133629,0.68063656,0.761532588,,,,,
694,0.053,0.716032136,0.716251867,0.291124727,0.668419019,,,,,
695,0.051,0.205341571,0.569453328,0.355803045,0.198457394,,,,,
696,-0.091,0.488774021,0.724988439,0.712452463,0.749294613,,,,,
697,0.032,0.49942576,0.747255151,0.704076882,0.735268288,,,,,
698,-1.026,0.455763656,0.736821268,0.751054877,0.750809465,,,,,
699,-0.007,0.094722097,0.723618405,0.744837993,0.742194382,,,,,
700,-1.126,0.737582098,0.726249768,0.717197814,0.075615288,,,,,
701,0.012,0.711463224,0.750207955,0.563503061,0.731783867,,,,,
702,-0.957,0.703594858,0.732392222,0.734705049,0.746080065,,,,,
703,-0.915,0.681806546,0.323274824,0.725278313,0.364941908,,,,,
704,0.015,0.678189327,0.739752872,0.619188428,0.731780765,,,,,
705,-0.961,0.701424363,0.740561092,0.654879417,0.694284404,,,,,
706,0.016,0.581459722,0.40285712,0.609120563,0.748158861,,,,,
707,-0.029,0.493207349,0.734402143,0.754106381,0.731596888,,,,,
708,0.013,0.503183244,0.728742333,0.738916243,0.725092294,,,,,
709,-0.188,0.680309519,0.507664687,0.744945317,0.50997797,,,,,
710,0.065,0.438237032,0.432344592,0.40525032,0.735481164,,,,,
711,0.002,0.514188175,0.726943048,0.069334969,0.567420237,,,,,
712,0.025,0.697533059,0.726082685,0.72729947,0.291702599,,,,,
713,0.058,0.310360853,0.737308225,0.627672145,0.740242582,,,,,
714,-1.056,0.485223444,0.698767726,0.75893577,0.717260431,,,,,
715,0.004,0.639054136,0.498981707,0.670562251,0.748374387,,,,,
716,0.052,0.39268405,0.744105545,0.712041502,0.540910176,,,,,
717,-0.058,0.657899299,0.588073301,0.74636248,0.514210373,,,,,
718,-1.017,0.432644428,0.533968208,0.744224387,0.781108107,,,,,
719,-0.114,-0.036642186,0.529668587,0.671187467,0.714136571,,,,,
720,0.014,0.295962892,0.713239435,0.749874342,0.501100019,,,,,
721,-0.023,0.692545894,0.511133014,0.725894782,0.54682414,,,,,
722,-0.973,0.699776155,0.740359344,0.553441048,0.752848733,,,,,
723,-0.019,0.719229306,0.737167558,0.394932214,0.727311387,,,,,
724,0.009,0.506855663,0.754775997,0.720036676,0.512439133,,,,,
725,-0.058,0.468959907,0.527997112,0.525509924,0.709194391,,,,,
726,0.047,0.503001246,0.746146068,0.639605652,0.763285684,,,,,
727,0.034,0.736826616,0.461809271,0.738280776,0.755413254,,,,,
728,0.042,0.546506043,0.749375099,0.672391562,0.758799923,,,,,
729,0.067,0.69707426,0.496123394,0.740751736,0.696004275,,,,,
730,-0.003,0.723506647,0.770425074,0.701844661,0.491071475,,,,,
731,-0.06,0.718194907,0.528029098,0.730130378,0.531953452,,,,,
732,0.071,0.728891851,0.729126268,0.552703118,0.748340938,,,,,
733,0.054,0.701247281,0.569382853,0.737966378,0.513513988,,,,,
734,-0.017,0.485934755,0.731570817,0.704497151,0.42687482,,,,,
735,0.028,0.428764454,0.763162584,0.496286071,0.709547481,,,,,
736,0.034,0.710700772,0.725416742,0.188781631,0.76660043,,,,,
737,0.059,0.729109927,0.530831722,0.738658196,0.516130057,,,,,
738,0.024,0.546316067,0.335607615,0.169122295,0.707115335,,,,,
739,-0.05,0.360431612,0.746621359,0.672305644,0.715567434,,,,,
740,0.09,0.679511141,0.70751204,0.676895779,0.681428196,,,,,
741,-0.061,0.709675674,0.707672051,0.735765815,0.663891254,,,,,
742,0.025,0.44751591,0.706471732,0.744877926,0.590197207,,,,,
743,-0.031,0.50897437,0.741771001,0.566409655,0.617378721,,,,,
744,0.036,0.707713048,0.702027104,0.498056415,0.766700273,,,,,
745,-0.789,0.71805231,0.307159257,0.766905374,0.478819177,,,,,
746,-0.944,0.689026726,0.621433185,0.684970494,0.403922432,,,,,
747,0.033,0.711811324,0.760327747,0.745132834,0.676894371,,,,,
748,-0.018,0.732861401,0.760182477,0.66122453,0.476033956,,,,,
749,-0.977,0.569763348,0.097550428,0.595281008,0.760740728,,,,,
750,0.03,0.716068331,0.714619477,0.734215905,0.725386713,,,,,
751,-0.031,0.488773782,0.751978791,0.757496546,0.663519849,,,,,
752,-0.067,0.524430655,0.746857622,0.631344551,0.556634276,,,,,
753,0.025,0.302178327,0.741633562,0.75056387,0.761810897,,,,,
754,0.008,0.473012599,0.746602391,0.754852162,0.782492314,,,,,
755,0.02,0.352619714,0.728310524,0.753428929,0.769112188,,,,,
756,0.054,0.721350747,0.732252077,0.355796046,0.75551389,,,,,
757,0.103,0.478530297,0.760676,0.67181351,0.739149823,,,,,
758,0.058,0.428615988,0.753614872,0.760757638,0.745282339,,,,,
759,-0.146,0.479336709,0.725623232,0.766831246,0.755267937,,,,,
760,0.017,0.687476211,0.611578653,0.712392067,0.776668839,,,,,
761,0.035,0.322579849,0.734109587,0.572378485,0.754795349,,,,,
762,-0.014,0.569921568,0.715104581,0.645559349,0.505873957,,,,,
763,-0.008,0.637519618,0.766688484,0.706963472,0.525171924,,,,,
764,-0.335,0.703164124,0.725354803,0.723070665,0.31089117,,,,,
765,-0.988,-0.070106025,0.387680094,0.770131198,0.635504645,,,,,
766,0.05,0.01028279,0.73821146,0.556459492,0.738778531,,,,,
767,-1.093,0.050672494,0.750254605,0.676432141,0.477656745,,,,,
768,-1.019,0.668732912,0.367862192,0.712564298,0.545627474,,,,,
769,0.06,0.306272371,0.25028224,0.749153546,0.749828766,,,,,
770,0.006,0.409582092,0.770026319,0.718721949,0.502324551,,,,,
771,-0.059,0.708191825,0.761064971,0.529548643,0.722118545,,,,,
772,-0.24,0.638570913,0.762882675,0.737777211,0.157979246,,,,,
773,0.014,0.503370312,0.717545764,0.710341794,0.525870336,,,,,
774,0.014,0.498856371,0.745413884,0.325752129,0.653776573,,,,,
775,-0.063,0.753673228,0.756247579,0.675315926,0.729559286,,,,,
776,-1,0.353925408,0.743911814,0.604885639,0.514983887,,,,,
777,-0.129,0.731574024,0.739280471,0.737164515,0.761694051,,,,,
778,-0.053,0.710759472,0.748295226,0.165517015,0.772500429,,,,,
779,0.089,0.652642435,0.529402943,0.717386899,0.545047821,,,,,
780,0.048,0.550461402,0.494786665,0.548291058,0.762302124,,,,,
781,0.07,0.739516763,0.738146108,0.498584577,0.759752357,,,,,
782,-2.028,0.566198707,0.740246454,0.749503096,0.764580031,,,,,
783,0.009,0.302100649,0.74822569,0.626774969,0.727527432,,,,,
784,-0.09,0.51783303,0.746211415,0.515688725,0.513719282,,,,,
785,-2.89E-16,0.474388821,0.756071503,0.721896831,0.331179674,,,,,
786,0.065,0.448891013,0.732933277,0.710822276,0.584083218,,,,,
787,0.003,0.34784359,0.739460637,0.733982001,0.757943479,,,,,
788,-0.052,0.721241339,0.740067648,0.566932784,0.505380232,,,,,
789,0.033,0.728451032,0.755683776,0.450826972,0.733402348,,,,,
790,0.015,0.722656245,0.322601671,0.589980678,0.774405719,,,,,
791,-1.016,0.728797797,0.516273566,0.320970827,0.711385889,,,,,
792,0.032,0.526704459,0.752340288,0.733761594,0.749091163,,,,,
793,0.013,0.663011316,0.752108534,0.233085617,0.701960692,,,,,
794,-0.975,0.499937156,0.532867557,0.679620553,0.397405468,,,,,
795,-1.034,0.719097454,0.713978953,0.535987746,0.755883294,,,,,
796,-0.06,0.354075697,0.74840473,0.484740886,0.742075015,,,,,
797,-0.914,0.429115039,0.737333202,0.648125403,0.743780479,,,,,
798,0.003,0.419936751,0.754755442,0.704603044,0.73058207,,,,,
799,0.005,0.676108935,0.721971161,0.721352294,0.288451425,,,,,
800,-0.143,0.577441012,0.735736383,0.741728093,0.729072294,,,,,
801,0.077,0.249686452,0.720816935,0.730475258,0.747676702,,,,,
802,-0.002,-0.011469367,0.510369447,0.728506242,0.489679353,,,,,
803,-0.307,0.709161694,0.510285355,0.752672084,0.737621069,,,,,
804,0.061,0.727088681,0.770601182,0.748503454,0.736159947,,,,,
805,-0.945,0.511793361,0.744990275,0.60821954,0.711746052,,,,,
806,-0.022,0.73366684,0.418968122,0.545600366,0.564772243,,,,,
807,0.054,0.667990934,0.7636536,0.687677443,0.745230058,,,,,
808,0.02,0.694024972,0.48273356,0.588208537,0.724859512,,,,,
809,-0.019,0.612428527,0.449179992,0.659289791,0.471872002,,,,,
810,0.076,0.636771362,0.585504094,0.740104416,0.507950616,,,,,
811,-0.164,0.743634982,0.735784883,0.723255387,0.767536105,,,,,
812,0.029,0.602343836,0.613945869,0.730870593,0.542052851,,,,,
813,0.097,0.726652062,0.7536045,0.755292513,0.756675078,,,,,
814,0.056,0.460002205,0.750338575,0.755220988,0.766649025,,,,,
815,-3.00E-16,0.730083088,0.737184655,0.418699264,0.742914498,,,,,
816,0.044,0.740357428,0.759100391,0.751168278,0.753716989,,,,,
817,-0.066,0.573120501,0.727501675,0.428300815,0.774082665,,,,,
818,-0.099,0.714391878,0.584490571,0.7523257,0.710742405,,,,,
819,-0.012,0.68816587,0.657962143,0.705166262,0.758376824,,,,,
820,-0.031,0.499585249,0.709485878,0.740842649,0.742217961,,,,,
821,-1.007,0.281216405,0.687429088,0.728434415,0.764409328,,,,,
822,0.013,0.643261187,0.56181285,0.76912628,0.747526038,,,,,
823,0.039,0.620933219,0.653159457,0.633026412,0.696709144,,,,,
824,0.026,0.641597431,0.763154744,0.765108693,0.744417087,,,,,
825,0.015,0.680383108,0.753040857,0.520053996,0.605928909,,,,,
826,0.043,0.373404893,0.753034899,0.715185531,0.449545144,,,,,
827,0.068,0.724210054,0.53495588,0.709251569,0.75340184,,,,,
828,-0.967,0.734747047,0.693988217,0.622198269,0.080042458,,,,,
829,-0.954,0.460331739,0.739983374,0.735494264,0.68556974,,,,,
830,0.041,0.700875355,0.783166895,0.380226393,0.715622371,,,,,
831,-0.107,0.742225906,0.747540204,0.435695903,0.439646395,,,,,
832,-0.03,0.69110707,0.762015582,0.750934843,0.541628546,,,,,
833,0.002,0.714484463,0.69304357,0.761649773,0.753964889,,,,,
834,0.026,0.449228137,0.520276923,0.619816588,0.72751936,,,,,
835,0.058,0.065893073,0.753187983,0.702767799,0.737895242,,,,,
836,-0.003,0.592351881,0.740034043,0.501844998,0.732682298,,,,,
837,0.063,0.703279737,0.538126417,0.71886428,0.294137466,,,,,
838,-1.008,0.690291427,0.764717486,0.757449247,0.754125396,,,,,
839,0.066,0.597036532,0.695918379,0.770651206,0.771927456,,,,,
840,-1.004,0.721372935,0.700956999,0.658178873,0.758263128,,,,,
841,0.029,0.66128684,0.749136324,0.759850113,0.743750921,,,,,
842,0.038,0.514220844,0.714531839,0.734981028,0.759270314,,,,,
843,-0.095,0.570664288,0.744010807,0.707737128,0.741297031,,,,,
844,-0.005,0.718892745,0.303515622,0.32581903,0.750302225,,,,,
845,0.091,0.426595288,0.710245016,0.224211234,0.590746526,,,,,
846,0.048,0.032137413,0.775296287,0.73937992,0.704416942,,,,,
847,0.026,0.694391709,0.615631431,0.742736555,0.69816262,,,,,
848,0.087,0.432755187,0.701449043,0.670758483,0.737269597,,,,,
849,0.032,0.527743329,0.761320769,0.578149735,0.780700373,,,,,
850,-0.976,0.626986595,0.742352758,0.622473366,0.710666484,,,,,
851,0.056,0.696552788,0.533662668,0.723783743,0.756750327,,,,,
852,-0.001,0.712949289,0.743014313,0.738965904,0.526082077,,,,,
853,0.021,0.733094553,0.545715996,0.478802237,0.600153111,,,,,
854,0.054,-0.172901376,0.76354246,0.502394303,0.523559795,,,,,
855,0.066,0.701290458,0.764326693,0.72791579,0.380387346,,,,,
856,0.067,0.630385985,0.679157319,0.771379731,0.461465456,,,,,
857,0.103,0.73068566,0.739806672,0.427191519,0.758155165,,,,,
858,0.009,0.290173094,0.736933759,0.725907509,0.506084712,,,,,
859,0.005,0.418031007,0.742910658,0.614013335,0.739682274,,,,,
860,0.072,0.592542247,0.750184228,0.362987835,0.77138596,,,,,
861,-0.973,0.674973256,0.771338704,0.614242768,0.483640277,,,,,
862,-0.036,0.409199313,0.764526615,0.589540203,0.53651044,,,,,
863,0.057,0.475348348,0.756255311,0.73725787,0.550156537,,,,,
864,0.007,0.693881388,0.277472318,0.534612342,0.656323895,,,,,
865,-0.038,0.715275056,0.727032618,0.759696445,0.495044477,,,,,
866,0.062,0.72233899,0.745061521,0.753770703,0.496079905,,,,,
867,0.005,0.465515841,0.763078881,0.734756517,0.767410523,,,,,
868,-0.099,0.409831343,0.028652419,0.745152075,0.739319931,,,,,
869,0.056,0.704174898,0.628434167,0.722720994,0.771906158,,,,,
870,0.032,0.719970105,0.757235789,0.245160872,0.453970928,,,,,
871,-0.153,0.368262886,0.753728709,0.729492061,0.664156903,,,,,
872,0.026,0.669600607,0.692005607,0.736532301,0.500244739,,,,,
873,-0.059,0.610213497,0.733733628,0.515394042,0.525331093,,,,,
874,0.01,0.696570528,0.584697257,0.740515687,0.784230002,,,,,
875,0.022,0.742094384,0.744991892,0.660803144,0.760041511,,,,,
876,-0.977,0.453995891,0.764193614,0.737663444,0.76963739,,,,,
877,0.071,0.498825355,0.759483584,0.754912406,0.583247054,,,,,
878,0.004,0.229490711,0.40961209,0.17701173,0.758045014,,,,,
879,0.054,0.721353489,0.734618835,0.587827298,0.759619359,,,,,
880,0.037,0.702359705,0.257512823,0.740531674,0.760709414,,,,,
881,-0.013,0.485078381,0.590099172,0.275063889,0.473409052,,,,,
882,0.081,0.423849311,0.741040013,0.753893024,0.757346522,,,,,
883,0.029,0.714168807,0.760790943,0.730328672,0.51477017,,,,,
884,-0.097,0.644795323,0.746084958,0.770276099,0.780563972,,,,,
885,-0.014,0.714374724,0.748814889,0.492150622,0.542986295,,,,,
886,0.021,0.709165326,0.747743037,0.456500136,0.754511442,,,,,
887,-0.128,0.518069884,0.743104571,0.775040053,0.54082091,,,,,
888,-0.028,0.655845864,0.419435989,0.714051861,0.709656449,,,,,
889,0.041,0.679038688,0.728344689,0.685554687,0.536421335,,,,,
890,-0.995,0.733438272,0.678301089,0.661892945,0.731774114,,,,,
891,0.032,0.582040975,0.701055284,0.718977179,0.774524562,,,,,
892,0.025,0.489503387,0.751088204,0.692145526,0.760284943,,,,,
893,-1.025,0.702081036,0.776034261,0.759160541,0.77019234,,,,,
894,-0.036,0.369322155,0.745065461,0.676030469,0.784309721,,,,,
895,0.039,0.29317546,0.770570053,0.389625485,0.760430012,,,,,
896,-0.021,0.678738583,0.785986672,0.737731745,0.72519266,,,,,
897,0.034,0.729750686,0.494001637,0.556725837,0.751651811,,,,,
898,0.05,0.184076262,0.761918279,0.730001445,0.734199898,,,,,
899,0.04,0.712603043,0.701590325,0.451445306,0.508320809,,,,,
900,-0.035,0.087277501,0.757869742,0.492794575,0.564570209,,,,,
901,0.027,0.66100691,0.472698454,0.055217991,0.748223999,,,,,
902,0.078,0.714478456,0.538366256,0.75792593,0.757518966,,,,,
903,0.045,0.530322043,0.752823335,0.742806078,0.58563216,,,,,
904,0.118,0.632954157,0.718583258,0.761997368,0.759264954,,,,,
905,0.026,0.50023444,0.722524691,0.63213377,0.473981299,,,,,
906,0.03,0.715129086,0.760371944,0.711795531,0.76295868,,,,,
907,-0.008,0.462521212,0.727552767,0.539622052,0.750962984,,,,,
908,0.086,0.078948502,0.756025764,0.480521052,0.745470163,,,,,
909,-0.001,0.708968536,0.768775881,0.700545451,0.762746676,,,,,
910,-0.218,0.719043504,0.77197356,0.722608085,0.645606234,,,,,
911,-0.013,0.309426849,0.766915391,0.740070989,0.74350391,,,,,
912,-0.032,0.26622793,0.753365561,0.737412559,0.730576145,,,,,
913,-0.082,0.443480167,0.497397988,0.676939801,0.324219928,,,,,
914,0.062,0.72481877,0.501763627,0.548589581,0.765575247,,,,,
915,-0.959,0.704518086,0.725030385,0.735201901,0.759024528,,,,,
916,-0.024,0.637626431,0.747798039,0.472285801,0.472242269,,,,,
917,0.03,0.517561395,0.749695454,0.757305995,0.562950962,,,,,
918,-0.03,0.271460367,0.451363356,0.735047058,0.725595242,,,,,
919,-0.021,0.677860046,0.774760057,0.752482444,0.76557079,,,,,
920,0.037,0.650275128,0.776540545,0.286786518,0.521442251,,,,,
921,0.013,0.460978621,0.762084599,0.726601814,0.284669094,,,,,
922,0.072,0.509489448,0.753087955,0.732662731,0.757308769,,,,,
923,0.002,0.692545239,0.752699359,0.657903234,0.760005566,,,,,
924,0.051,-0.308545087,0.319357766,0.638895164,0.754870173,,,,,
925,0.017,0.080194934,0.754141134,0.599924082,0.488669673,,,,,
926,0.03,0.62339818,0.644060325,0.416861816,0.73415308,,,,,
927,-0.031,0.501343656,0.668618444,0.765794705,0.578387928,,,,,
928,0.039,0.490925144,0.74820104,0.751093496,0.643364622,,,,,
929,0.021,0.73523736,0.735345657,0.698002756,0.299363283,,,,,
930,0.002,0.526705948,0.768921306,0.567406798,0.729578381,,,,,
931,-0.131,0.345039353,0.779242685,0.745945013,0.538458042,,,,,
932,-0.964,0.459114057,0.766086726,0.63515481,0.742323808,,,,,
933,-0.004,0.755991983,0.730872799,0.754696453,0.764000544,,,,,
934,0.033,0.408086729,0.527594937,0.74482109,0.771415775,,,,,
935,0.093,0.654447448,0.770774019,0.74636968,0.517621202,,,,,
936,-0.01,0.471433081,0.75099161,0.759929899,0.758830914,,,,,
937,-0.072,0.090791684,0.768171073,0.739949868,0.502567986,,,,,
938,-0.979,0.711352909,0.735369366,0.750794951,0.5849376,,,,,
939,-0.04,0.369809584,0.72743359,0.756337266,0.175012183,,,,,
940,0.027,0.65598079,0.723761022,0.743372883,0.743946534,,,,,
941,-0.967,0.624335512,0.761136123,0.680779475,0.721722072,,,,,
942,0.02,0.463520405,0.761543658,0.579189174,0.738780345,,,,,
943,-0.977,0.601633503,0.223580398,0.73716771,0.686231896,,,,,
944,0.074,-0.058013053,0.743493103,0.644866884,0.767078187,,,,,
945,0.03,0.709538148,0.720793655,0.753233302,0.527314201,,,,,
946,0.026,0.381455613,0.75044451,0.725924822,0.768121004,,,,,
947,-1.011,0.489961887,0.762957744,0.738647109,0.776458603,,,,,
948,-0.951,0.728343013,0.75186549,0.7706189,0.517695079,,,,,
949,0.063,0.73913655,0.761502814,0.708884156,0.575307133,,,,,
950,0.015,0.725209671,0.694055535,0.703690551,0.766001011,,,,,
951,0.067,0.415155368,0.58891297,0.776526821,0.76510771,,,,,
952,0.018,0.689147863,0.773131366,0.753292469,0.762981756,,,,,
953,-0.116,0.265558739,0.523076823,0.740141929,0.745137608,,,,,
954,0.041,0.543500319,0.773047809,0.029275579,0.7650145,,,,,
955,-0.866,-0.193553877,0.708309941,0.733474455,0.735478695,,,,,
956,-0.032,0.417562365,0.763730729,0.762504522,0.755420062,,,,,
957,0.091,0.465480165,0.767488736,0.641600988,0.703624763,,,,,
958,0.039,0.25638622,0.739397262,0.782316424,0.745916204,,,,,
959,0.002,0.549989738,0.75446782,0.592619747,0.760010498,,,,,
960,0.056,0.721443656,0.769212467,0.757171584,0.742590806,,,,,
961,0.026,0.658327555,0.739316425,0.654452332,0.767473069,,,,,
962,0.101,0.617258883,0.729725307,0.591035436,0.601656002,,,,,
963,0.067,0.339177924,0.733596642,0.73613069,0.737808266,,,,,
964,0.038,0.258098519,0.75536548,0.751380669,0.51461691,,,,,
965,-0.003,0.655293117,0.469948695,0.748308838,0.482285698,,,,,
966,0.029,0.527143142,0.761401694,0.756160286,0.763839581,,,,,
967,0.119,0.313050473,0.776855794,0.755568007,0.766185849,,,,,
968,-0.982,0.499029591,0.572120191,0.716697856,0.678314898,,,,,
969,0.055,0.37684181,0.733114775,0.770585797,0.726711932,,,,,
970,-0.02,0.628851232,0.761027471,0.72957469,0.656144818,,,,,
971,0.059,0.683735418,0.763454176,0.611040444,0.758757489,,,,,
972,0.001,0.672613963,0.50878994,0.544695773,0.757182469,,,,,
973,-2.052,0.493671339,0.744660651,0.738898324,0.757116447,,,,,
974,-0.065,0.162310061,0.490619803,0.695113993,0.528743636,,,,,
975,0.094,0.65481214,0.672873368,0.777948122,0.595646469,,,,,
976,-0.972,0.476878622,0.774504428,0.440353767,0.753702546,,,,,
977,0.013,0.394927161,0.770405725,0.528810338,0.757155263,,,,,
978,-0.033,0.349479929,0.258254667,0.727840866,0.759474488,,,,,
979,0.089,0.68810337,0.761380216,0.623209307,0.774596958,,,,,
980,-0.963,0.655698512,0.734036265,0.694889289,0.7611349,,,,,
981,0.094,0.383219683,0.741342784,0.764695012,0.746983563,,,,,
982,0.072,0.502253482,0.758082589,0.735041399,0.755543367,,,,,
983,-0.002,0.443220612,0.751804484,0.673291105,0.741466068,,,,,
984,0.094,0.590371393,0.756469995,0.329667697,0.77562845,,,,,
985,-0.945,0.727508232,0.704171614,0.776331281,0.766339533,,,,,
986,0.066,0.754119391,0.74785492,0.462143046,0.761408125,,,,,
987,0.029,0.717583237,0.055503187,0.757720239,0.745596491,,,,,
988,0.037,0.319819967,0.725744602,0.544063264,0.590214462,,,,,
989,-0.981,0.505218656,0.620899397,0.435557981,0.725257584,,,,,
990,0.052,0.729298432,0.739820239,0.746293058,0.741756701,,,,,
991,-1.006,0.744713549,0.685197334,0.413368448,0.502364385,,,,,
992,-0.014,0.695424595,0.754003488,0.746071888,0.539329268,,,,,
993,0.038,0.617587895,0.749549848,0.767568067,0.504104671,,,,,
994,-0.029,0.485632296,0.749035264,0.766101746,0.766345791,,,,,
995,-0.06,0.705798047,0.359587953,0.562161612,0.759981584,,,,,
996,0.062,0.507517208,0.585006735,0.773371876,0.758484277,,,,,
997,0.022,0.724667211,0.610787482,0.519623855,0.762966047,,,,,
998,0.054,0.661524817,0.61496326,0.520911889,0.228424983,,,,,
999,0.025,0.489858496,0.505059061,0.759206463,0.778784227,,,,,
1000,0.02,0.736618388,0.540102521,0.717500038,0.634409858,,,,,
1001,0.01,0.166116802,0.75949466,0.573117739,0.7722627,,,,,
1002,0.01,0.71414003,0.761886996,0.757864817,0.755405815,,,,,
1003,0.017,0.522459124,0.768506053,0.580750398,0.765883414,,,,,
1004,-0.047,0.704364558,0.587121479,0.531889906,0.751326855,,,,,
1005,-0.044,0.687529409,0.527721534,0.746559221,0.770045392,,,,,
1006,0.035,0.279371849,0.757711905,0.766869054,0.743760624,,,,,
1007,-0.942,0.704162141,0.622208808,0.744107521,0.741115746,,,,,
1008,-0.872,0.710254119,0.749316996,0.773719888,0.75305925,,,,,
1009,0.101,0.295044134,0.71215313,0.617851686,0.578999218,,,,,
1010,0.063,0.466230188,0.761236621,0.615944192,0.757353989,,,,,
1011,-0.037,0.738185863,0.386166333,0.752245663,0.779999588,,,,,
1012,0.045,0.726211521,0.766921736,0.765154496,0.654101399,,,,,
1013,-1.979,0.51840292,0.538893744,0.725677641,0.736189725,,,,,
1014,-0.983,0.73256178,0.303559178,0.563149653,0.786094865,,,,,
1015,0.074,0.740431892,0.574108186,0.163266477,0.74364736,,,,,
1016,0.074,0.670048673,0.28950063,0.547147604,0.768656485,,,,,
1017,-0.014,0.663945621,0.745473572,0.62086408,0.740920896,,,,,
1018,0.067,0.059511006,0.746875592,0.745184198,0.784159394,,,,,
1019,-0.001,0.738447054,0.761092563,0.767682526,0.740096561,,,,,
1020,0.013,0.473876925,0.78312915,0.716012135,0.725991185,,,,,
1021,0.073,0.518069741,0.636215376,0.567879782,0.779383458,,,,,
1022,0.042,0.656716272,0.517408716,0.752881725,0.75340889,,,,,
1023,0.098,0.512673257,0.787844555,0.759034532,0.772377208,,,,,
1024,0.019,0.405636447,0.769898145,0.708709753,0.75431801,,,,,
1025,0.011,0.739453237,0.660738841,0.745991832,0.299859931,,,,,
1026,0.056,0.528027103,0.507935795,0.74777294,0.527273866,,,,,
1027,0.039,0.691441224,0.733623805,0.741195439,0.753259024,,,,,
1028,0.016,0.543298289,0.596676712,0.755917876,0.695662074,,,,,
1029,-0.002,0.582781385,0.395821136,0.721694629,0.768509568,,,,,
1030,0.072,0.709670025,0.744697164,0.760081068,0.515459347,,,,,
1031,-0.039,0.669674974,0.576097964,0.281996333,0.732301141,,,,,
1032,0.052,0.176299655,0.491435279,0.378751106,0.514509087,,,,,
1033,0.001,0.67175173,0.744952316,0.525531805,0.767779183,,,,,
1034,0.042,0.446796683,0.740783558,0.70499172,0.758031273,,,,,
1035,0.008,0.211785898,0.743492978,0.750210883,0.705078268,,,,,
1036,0.042,0.453954711,0.748844839,0.723199259,0.503902657,,,,,
1037,0.031,0.711624912,0.758306789,0.743689578,0.396827777,,,,,
1038,0.062,0.414531895,0.796923408,0.768019283,0.765946922,,,,,
1039,0.027,0.711175695,0.525232379,0.57572727,0.072340263,,,,,
1040,0.058,0.289494534,0.605735365,0.56791044,0.752337565,,,,,
1041,-0.048,0.46149637,0.756579162,0.581704119,0.770109082,,,,,
1042,0.029,-0.000866263,0.765271196,0.62836429,0.526594539,,,,,
1043,0.082,0.424548852,0.426662922,0.765109506,0.5257346,,,,,
1044,-1.017,0.738112418,0.754269233,0.766463627,0.748589042,,,,,
1045,0.039,0.479173173,0.770020811,0.696936108,0.500692604,,,,,
1046,0.028,0.736579864,0.596747974,0.751712667,0.743656609,,,,,
1047,0.012,0.7216147,0.660828584,0.729404719,0.43245294,,,,,
1048,0.059,0.468006025,0.751230222,0.763681108,0.759638534,,,,,
1049,-0.013,0.70281772,0.518608658,0.764166554,0.746411971,,,,,
1050,0.048,0.524234044,0.716072129,0.763060702,0.718498223,,,,,
1051,0.054,0.498364428,0.775614449,0.761340219,0.531989664,,,,,
1052,-0.061,0.726931939,0.760317324,0.754547027,0.735291791,,,,,
1053,-0.051,0.257556047,0.766145316,0.771196074,0.779165367,,,,,
1054,-0.116,0.392191429,0.622984473,0.543561703,0.746439526,,,,,
1055,0.077,0.661227078,0.738730939,0.765496717,0.768740207,,,,,
1056,0.073,0.708163099,0.774181338,0.706054197,0.775515324,,,,,
1057,0.085,0.413949268,0.775164754,0.586615374,0.732667251,,,,,
1058,0.008,0.665436266,0.504721798,0.4856619,0.744402311,,,,,
1059,0.041,0.736885045,0.747050567,0.743352596,0.784606109,,,,,
1060,0.056,0.382928071,0.742080506,0.756107762,0.760299406,,,,,
1061,0.043,0.516902008,0.61218863,0.775419995,0.537808872,,,,,
1062,0.037,0.678121818,0.592942063,0.615911104,0.738404784,,,,,
1063,0.063,0.516511198,0.602069545,0.725866311,0.777812879,,,,,
1064,0.086,0.683066413,0.76716511,0.732678171,0.747939895,,,,,
1065,0.035,0.374042396,0.755489179,0.497650726,0.773760293,,,,,
1066,0.009,0.518836722,0.771522511,0.467138517,0.747405566,,,,,
1067,0.079,0.7079313,0.764160206,0.702734259,0.760609449,,,,,
1068,-0.013,0.72884867,0.755620153,0.613156004,0.769319472,,,,,
1069,-0.038,0.737440606,0.775829495,0.231358317,0.752900446,,,,,
1070,0.026,0.55787805,0.757195231,0.738543946,0.76805788,,,,,
1071,-0.027,0.587495911,0.504231024,0.74274915,0.774750322,,,,,
1072,-1.406,0.703480882,0.768098772,0.770406252,0.752071081,,,,,
1073,-0.005,0.704967584,0.629600087,0.50417341,0.768877616,,,,,
1074,0.069,0.654539346,0.774064247,0.504051183,0.597626534,,,,,
1075,-0.014,0.728319124,0.731747171,0.531779734,0.697991732,,,,,
1076,-0.065,0.286582699,0.754154269,0.7395497,0.633348832,,,,,
1077,0.085,0.606723263,0.486071299,0.779150675,0.575709676,,,,,
1078,0.061,0.503488036,0.749068162,0.738728977,0.484501499,,,,,
1079,0.067,0.709379003,0.381490464,0.732783813,0.737329985,,,,,
1080,0.006,0.496319774,0.770040775,0.754664543,0.736898198,,,,,
1081,0.054,0.585495067,0.756021533,0.764062535,0.768253419,,,,,
1082,-0.024,0.724866734,0.756882492,0.759745714,0.7783837,,,,,
1083,0.026,0.289353189,0.715529264,0.49858239,0.738479438,,,,,
1084,0.005,0.48931122,0.649342981,0.774953797,0.458532628,,,,,
1085,0.014,0.752975174,0.767036937,0.624303536,0.778695332,,,,,
1086,0.059,0.50373005,0.626412503,0.773799302,0.768695964,,,,,
1087,0.109,0.49215936,0.774256548,0.473400222,0.779127596,,,,,
1088,0.057,0.542452161,0.749174181,0.669434957,0.723856502,,,,,
1089,0.065,0.441376619,0.501316385,0.760943638,0.664970781,,,,,
1090,0.057,0.644534102,0.762832527,0.759663959,0.747230575,,,,,
1091,0.115,0.381903937,0.76537636,0.766137212,0.518348302,,,,,
1092,0.011,0.205896529,0.750988708,0.746716879,0.478762274,,,,,
1093,0.084,0.717286361,0.506672361,0.763282655,0.650472916,,,,,
1094,0.062,0.757004495,0.519508911,0.70363135,0.751326693,,,,,
1095,0.006,0.656978224,0.751478375,0.68000653,0.653146491,,,,,
1096,-0.007,0.398716097,0.376047127,0.612910885,0.752653152,,,,,
1097,0.055,0.037658447,0.748453903,0.626602535,0.767292737,,,,,
1098,0.059,-0.705743003,0.533586493,0.587342351,0.487217953,,,,,
1099,0.063,0.261486551,0.52146256,0.767722836,0.764372353,,,,,
1100,-0.959,0.642228833,0.759338768,0.74949306,0.777122966,,,,,
1101,-0.029,0.511607792,0.579467729,0.771551312,0.732219863,,,,,
1102,0.072,0.63893883,0.758450031,0.514908195,0.417623575,,,,,
1103,0.057,0.173916483,0.730621213,0.73997021,0.59219946,,,,,
1104,0.074,0.722043415,0.721247667,0.731968681,0.751926907,,,,,
1105,0.07,0.736758849,0.761766649,0.767144517,0.305201431,,,,,
1106,0.059,0.496215125,0.641858682,0.757975073,0.55319068,,,,,
1107,0.05,0.223410291,0.776377684,0.763853779,0.553663955,,,,,
1108,0.035,0.630783568,0.639090324,0.711398445,0.575926279,,,,,
1109,0.049,0.742589293,0.759633,0.649405124,0.769698321,,,,,
1110,0.089,0.716392123,0.516520788,0.764890761,0.736338939,,,,,
1111,-0.014,0.714437703,0.705968115,0.775121666,0.762465914,,,,,
1112,0.032,0.736752963,0.446322965,0.760978109,0.750320756,,,,,
1113,0.097,0.505483907,0.625370318,0.758999401,0.749441318,,,,,
1114,0.093,0.73741263,0.741597484,0.34272256,0.562602577,,,,,
1115,0.039,0.55654171,0.537173654,0.520211482,0.597050578,,,,,
1116,0.024,0.741317357,0.763260871,0.749575525,0.770551744,,,,,
1117,0.071,0.726255018,0.731583357,0.425514493,0.756267149,,,,,
1118,0.064,0.528199554,0.526193249,0.521401706,0.740568915,,,,,
1119,0.063,0.678498926,0.775409134,0.652488199,0.741300648,,,,,
1120,0.072,-0.255264076,0.760852567,0.776454728,0.754516369,,,,,
1121,0.034,0.75905762,0.748079511,0.672960819,0.745256573,,,,,
1122,0.042,0.683711589,0.767457031,0.747750909,0.694834869,,,,,
1123,-0.02,0.752596044,0.761001273,0.476017434,0.714116882,,,,,
1124,0.098,0.50500058,0.570571012,0.650669683,0.559283764,,,,,
1125,0.068,0.732738766,0.764983219,0.762143131,0.761165466,,,,,
1126,0.041,0.308420746,0.764272849,0.760042749,0.713756695,,,,,
1127,-0.017,0.374151183,0.776927872,0.571948179,0.507223261,,,,,
1128,0.115,0.416063696,0.421200326,0.758445741,0.498459231,,,,,
1129,0.049,0.639722407,0.754665464,0.509157633,0.7842171,,,,,
1130,-0.062,0.746102807,0.69710202,0.753485779,0.674102589,,,,,
1131,0.078,0.61443425,0.744700601,0.769372164,0.758099453,,,,,
1132,0.033,0.704967561,0.332011936,0.557388116,0.768881126,,,,,
1133,0.066,0.495540622,0.636465835,0.538809161,0.426489571,,,,,
1134,0.041,0.152542584,0.599049022,-0.299075199,0.602900583,,,,,
1135,0.044,0.671105342,0.765291823,0.519574546,0.508488735,,,,,
1136,0.052,0.504247073,-0.316792779,0.030031529,0.765384133,,,,,
1137,-0.032,0.492480012,0.73726011,0.490269943,0.586104369,,,,,
1138,0.053,0.51236025,0.764767031,0.772494897,0.504686727,,,,,
1139,-0.004,0.755785078,0.755285503,0.775720811,0.732193792,,,,,
1140,0.034,0.013916761,0.771877162,0.760189107,0.774791569,,,,,
1141,0.069,0.261283042,0.685924686,0.726729084,0.739511572,,,,,
1142,0.07,0.684735136,0.737273439,0.767391732,0.724993332,,,,,
1143,0.101,0.688563487,0.770428578,0.767328853,0.422109191,,,,,
1144,0.096,0.455951086,0.75068785,0.763263819,0.770344199,,,,,
1145,-0.84,0.608537607,0.755901714,0.778498687,0.532482096,,,,,
1146,0.029,0.503372323,0.77345012,0.764500856,0.586566625,,,,,
1147,-0.804,0.712707245,0.529404612,0.74460085,0.766125643,,,,,
1148,0.021,0.730973625,0.622434142,0.551731152,0.528224454,,,,,
1149,-0.029,0.481199275,0.483919169,0.761688727,0.757643152,,,,,
1150,-0.039,0.54573209,0.575354158,0.754763614,0.769903746,,,,,
1151,0.021,0.414788586,0.751937575,0.661484084,0.756896433,,,,,
1152,-0.003,0.732936725,0.751545584,0.759567456,0.480009067,,,,,
1153,-0.067,0.709024104,0.407326959,0.745462805,0.762485958,,,,,
1154,0.038,,0.747882872,0.757545331,0.763784481,,,,,
1155,0.074,,0.75421946,0.773854523,0.768413364,,,,,
1156,0.037,,0.759115166,0.533432002,0.751311959,,,,,
1157,0.058,,0.773844086,0.758595438,0.746807561,,,,,
1158,0.03,,0.709719945,0.751225165,0.610811731,,,,,
1159,0.069,,0.533191036,0.551164611,0.758305157,,,,,
1160,0.043,,0.549280218,0.486788981,0.781516967,,,,,
1161,0.077,,0.307909459,0.754373434,0.702843324,,,,,
1162,0.078,,0.754753954,0.525954614,0.764163362,,,,,
1163,-0.012,,0.719028556,0.753877864,0.749992704,,,,,
1164,-0.602,,0.750953015,0.753968544,0.568760851,,,,,
1165,0.037,,0.618801856,0.718948628,0.777693998,,,,,
1166,0.06,,0.620725825,0.752578468,0.380929772,,,,,
1167,0.07,,0.74484548,0.757612121,0.511981317,,,,,
1168,-0.031,,0.777827139,0.783459858,0.778854138,,,,,
1169,0.078,,0.786319435,0.769376175,0.705317732,,,,,
1170,0.06,,0.748013934,0.412324691,0.739687551,,,,,
1171,-0.909,,0.780680147,0.325650211,0.514967169,,,,,
1172,-0.033,,0.735708926,,0.757459469,,,,,
1173,0.089,,0.535554873,,0.757182545,,,,,
1174,0.021,,0.71639406,,0.763738766,,,,,
1175,0.056,,0.756859475,,0.530665282,,,,,
1176,0.082,,0.768255537,,0.76039136,,,,,
1177,0.021,,0.591805044,,0.668488506,,,,,
1178,0.037,,0.759694245,,0.631508472,,,,,
1179,0.062,,0.475076473,,0.776937469,,,,,
1180,0.032,,0.742752954,,0.775670888,,,,,
1181,0.079,,0.568802885,,0.648199095,,,,,
1182,0.02,,0.764750372,,0.715668223,,,,,
1183,-0.047,,0.774125934,,0.742953534,,,,,
1184,0.051,,0.701003229,,0.517302179,,,,,
1185,0.054,,0.639488259,,0.709249142,,,,,
1186,-0.985,,0.758481698,,0.763206395,,,,,
1187,-0.033,,0.518051915,,0.743698906,,,,,
1188,0.022,,0.746238806,,0.542130225,,,,,
1189,-0.051,,0.75842159,,0.727076803,,,,,
1190,0.075,,0.737004083,,0.753808854,,,,,
1191,-0.044,,0.764822527,,0.738126102,,,,,
1192,0.035,,0.67525445,,0.628588446,,,,,
1193,-0.009,,0.778371062,,0.751538135,,,,,
1194,0.007,,0.623122178,,0.71108614,,,,,
1195,0.039,,0.767617274,,0.73330404,,,,,
1196,0.109,,0.639137464,,0.750808955,,,,,
1197,0.053,,0.765187928,,0.763725302,,,,,
1198,0.11,,0.752040912,,0.773490173,,,,,
1199,0.078,,0.760134605,,0.492590354,,,,,
1200,0.027,,0.773079066,,0.519120909,,,,,
1201,-0.016,,0.725473126,,0.59222014,,,,,
1202,-0.047,,0.46013839,,0.731000809,,,,,
1203,0.091,,0.775602,,0.772362051,,,,,
1204,-1.033,,0.710790107,,0.719450128,,,,,
1205,0.084,,0.748032789,,0.762151638,,,,,
1206,0.026,,0.527441756,,0.752369468,,,,,
1207,-0.061,,0.726364524,,0.262434554,,,,,
1208,-0.015,,0.77857945,,0.755300298,,,,,
1209,0.046,,0.710820979,,0.764509025,,,,,
1210,-0.891,,0.775453418,,0.682401198,,,,,
1211,0.012,,0.734858451,,0.761801298,,,,,
1212,0.017,,0.244416887,,0.750467127,,,,,
1213,0.04,,0.773251874,,0.459691099,,,,,
1214,-0.084,,0.765621136,,0.539262049,,,,,
1215,0.041,,0.716338112,,0.760133351,,,,,
1216,0.051,,0.775668685,,0.517821884,,,,,
1217,0.019,,0.751459231,,0.567971665,,,,,
1218,0.039,,0.746838882,,0.755559561,,,,,
1219,0.005,,0.587684579,,0.540940113,,,,,
1220,0.002,,0.53863887,,0.737187942,,,,,
1221,0.018,,0.551969811,,0.779817035,,,,,
1222,0.072,,0.756832406,,0.750835613,,,,,
1223,0.02,,0.615005474,,0.769306572,,,,,
1224,0.003,,0.778213558,,0.551277456,,,,,
1225,-0.018,,0.50424503,,0.728648679,,,,,
1226,0.031,,0.510073762,,0.525591621,,,,,
1227,-0.927,,0.771605587,,0.735124195,,,,,
1228,0.057,,0.560837192,,0.755949927,,,,,
1229,0.057,,0.779454358,,0.774735753,,,,,
1230,0.089,,0.737388092,,0.767444335,,,,,
1231,-0.007,,0.752285085,,0.754306957,,,,,
1232,0.007,,0.76124073,,0.758867294,,,,,
1233,0.002,,0.58039878,,0.485293169,,,,,
1234,-0.017,,0.753345275,,0.773184351,,,,,
1235,-0.007,,0.772668664,,0.511640396,,,,,
1236,0.017,,0.745265947,,0.448219199,,,,,
1237,0.011,,0.42099095,,0.781035566,,,,,
1238,0.049,,0.737515745,,0.75538335,,,,,
1239,0.03,,0.281633778,,0.762991548,,,,,
1240,0.072,,0.776174919,,0.516386447,,,,,
1241,-0.031,,0.530286173,,0.763419891,,,,,
1242,0.023,,0.766005661,,0.754498095,,,,,
1243,0.046,,0.776386305,,0.761756217,,,,,
1244,0.016,,0.747689463,,0.752561266,,,,,
1245,-0.01,,0.479868995,,0.547793788,,,,,
1246,0.078,,0.746922454,,0.75708301,,,,,
1247,-0.017,,0.767207489,,0.771320708,,,,,
1248,-0.036,,0.302406345,,0.428311403,,,,,
1249,-0.039,,0.750985657,,0.742232546,,,,,
1250,-0.027,,0.748961602,,0.746533182,,,,,
1251,0.09,,0.398026919,,0.751734131,,,,,
1252,-0.005,,0.617194056,,0.753527926,,,,,
1253,0.04,,0.500696522,,0.762669257,,,,,
1254,-0.06,,0.743166259,,0.75450855,,,,,
1255,-0.007,,0.755948762,,0.700453837,,,,,
1256,-0.13,,0.773288859,,0.766768651,,,,,
1257,0.104,,0.532065124,,0.746018908,,,,,
1258,0.048,,0.751670305,,0.532187517,,,,,
1259,-0.083,,0.612475686,,0.658924283,,,,,
1260,0.037,,0.511112652,,0.671266261,,,,,
1261,0.038,,0.765184188,,0.778194366,,,,,
1262,-0.999,,0.765015687,,0.766781731,,,,,
1263,0.038,,0.758909003,,0.768230676,,,,,
1264,0.064,,0.593325166,,0.748968579,,,,,
1265,0.101,,0.754303546,,0.765332658,,,,,
1266,0.012,,0.778455628,,0.367745605,,,,,
1267,0.025,,0.429283832,,0.383848931,,,,,
1268,0.051,,0.666431535,,0.7574538,,,,,
1269,0.011,,0.742881957,,0.517741615,,,,,
1270,0.002,,0.493881513,,0.773417413,,,,,
1271,0.077,,0.622968378,,0.734332898,,,,,
1272,0.037,,0.658073091,,0.497259431,,,,,
1273,0.029,,0.779738858,,0.366825843,,,,,
1274,-0.93,,0.773464324,,0.718936137,,,,,
1275,0.027,,0.776354051,,0.753793937,,,,,
1276,-0.012,,0.755415998,,0.328857299,,,,,
1277,0.079,,0.688221756,,0.764299621,,,,,
1278,-0.047,,0.766621931,,0.506239609,,,,,
1279,0.067,,0.68123411,,0.758241717,,,,,
1280,-0.011,,0.770475967,,0.762629099,,,,,
1281,0.077,,0.585121101,,0.469210388,,,,,
1282,0.053,,0.764264731,,0.769580445,,,,,
1283,0.088,,0.732134096,,0.582560972,,,,,
1284,0.04,,0.747420973,,0.774052242,,,,,
1285,0.083,,0.627916161,,0.771966585,,,,,
1286,0.052,,0.710524042,,0.736455372,,,,,
1287,0.041,,0.769806912,,0.772831357,,,,,
1288,0.099,,0.702271901,,0.747129891,,,,,
1289,0.074,,0.758939857,,0.767450662,,,,,
1290,-0.968,,0.767106917,,0.769130706,,,,,
1291,0.039,,0.736963324,,0.651226357,,,,,
1292,0.007,,0.617049402,,0.749114298,,,,,
1293,0.06,,0.511345417,,0.76217478,,,,,
,,,0.781253044,,0.223265363,,,,,
,,,0.736830081,,0.762838963,,,,,
,,,0.775513975,,0.763619367,,,,,
,,,0.776433011,,0.74303559,,,,,
,,,0.786010229,,0.767191892,,,,,
,,,0.587538212,,0.659413914,,,,,
,,,0.759926702,,0.516033854,,,,,
,,,0.760234225,,0.746130416,,,,,
,,,0.637546627,,0.781814796,,,,,
,,,0.724431342,,0.741197149,,,,,
,,,0.730842588,,0.757869227,,,,,
,,,0.479428902,,0.767684931,,,,,
,,,0.784207675,,0.753744404,,,,,
,,,0.383611183,,0.757908187,,,,,
,,,0.744877812,,0.747127748,,,,,
,,,0.765982185,,0.742123247,,,,,
,,,0.529728261,,0.763093698,,,,,
,,,0.536139869,,0.753608204,,,,,
,,,0.760032099,,0.426030561,,,,,
,,,0.601942882,,0.780128223,,,,,
,,,0.663064869,,0.727480023,,,,,
,,,0.001318096,,0.751873459,,,,,
,,,0.765637172,,0.624254504,,,,,
,,,0.627627468,,0.753818721,,,,,
,,,0.581346396,,0.75859095,,,,,
,,,0.754358486,,0.716186549,,,,,
,,,0.768686641,,0.568451207,,,,,
,,,0.761916503,,0.742310135,,,,,
,,,0.785210398,,0.785578618,,,,,
,,,0.247007088,,0.775257424,,,,,
,,,0.733992704,,0.771983704,,,,,
,,,0.631738254,,0.550735833,,,,,
,,,0.554167176,,0.787487313,,,,,
,,,0.688041342,,0.769989708,,,,,
,,,0.522020065,,0.774454464,,,,,
,,,0.782375864,,0.53179798,,,,,
,,,0.439569822,,0.779359351,,,,,
,,,0.563018517,,0.762267485,,,,,
,,,0.772831533,,0.765326924,,,,,
,,,0.665875297,,0.765755055,,,,,
,,,0.783432251,,0.693567833,,,,,
,,,0.661518327,,0.616978264,,,,,
,,,0.609205647,,0.768094952,,,,,
,,,0.753147491,,0.745545572,,,,,
,,,0.781105548,,0.491176046,,,,,
,,,0.506723371,,0.775319513,,,,,
,,,0.780922758,,0.741129768,,,,,
,,,0.754330411,,0.745184113,,,,,
,,,0.783174849,,0.749652976,,,,,
,,,0.525608162,,0.779390658,,,,,
,,,0.437428472,,0.774408939,,,,,
,,,0.765556649,,0.743964751,,,,,
,,,0.737636905,,0.550694011,,,,,
,,,0.513613458,,0.519320577,,,,,
,,,0.734717336,,0.760896798,,,,,
,,,0.362782983,,0.779149686,,,,,
,,,0.596577495,,0.794935038,,,,,
,,,0.607118771,,0.760906911,,,,,
,,,0.628435742,,0.76346713,,,,,
,,,0.739848416,,0.766148568,,,,,
,,,0.491199832,,0.499125319,,,,,
,,,0.510602672,,0.733076176,,,,,
,,,0.545519969,,0.736652592,,,,,
,,,0.737618797,,0.750799692,,,,,
,,,0.767329375,,0.732242177,,,,,
,,,0.724876289,,0.762139738,,,,,
,,,0.696386341,,0.764976735,,,,,
,,,0.768423522,,0.741673809,,,,,
,,,0.749433374,,0.699378887,,,,,
,,,0.719476714,,0.760578386,,,,,
,,,0.767939535,,0.801610725,,,,,
,,,0.480568272,,0.684990087,,,,,
,,,0.642525934,,0.529404486,,,,,
,,,0.54898696,,0.781456855,,,,,
,,,0.749895978,,0.722427095,,,,,
,,,0.529637701,,0.754621467,,,,,
,,,0.263398449,,0.754072473,,,,,
,,,0.600181444,,0.777959804,,,,,
,,,0.608915921,,0.761862334,,,,,
,,,0.762257892,,0.741235408,,,,,
,,,,,0.761236738,,,,,
,,,,,0.626183727,,,,,
,,,,,0.534490224,,,,,
,,,,,0.750531753,,,,,
,,,,,0.766528467,,,,,
,,,,,0.505426552,,,,,
,,,,,0.509268373,,,,,
,,,,,0.774350657,,,,,
,,,,,0.758106269,,,,,
,,,,,0.761412575,,,,,
,,,,,0.562775546,,,,,
,,,,,0.549104905,,,,,
,,,,,0.769548491,,,,,
,,,,,0.740664617,,,,,
,,,,,0.605611823,,,,,
,,,,,0.777390992,,,,,
,,,,,0.767286199,,,,,
,,,,,0.106028151,,,,,
,,,,,0.776375751,,,,,
,,,,,0.53040354,,,,,
,,,,,0.509971528,,,,,
,,,,,0.707868256,,,,,
,,,,,0.780589156,,,,,
,,,,,0.760536917,,,,,
,,,,,0.564055618,,,,,
,,,,,0.754299213,,,,,
,,,,,0.771692508,,,,,
,,,,,0.766714006,,,,,
,,,,,0.785170121,,,,,
,,,,,0.54116108,,,,,
,,,,,0.696474704,,,,,
,,,,,0.754087268,,,,,
,,,,,0.752327922,,,,,
,,,,,0.738015704,,,,,
,,,,,0.758676413,,,,,
,,,,,0.733990989,,,,,
,,,,,0.770842716,,,,,
,,,,,0.77658794,,,,,
,,,,,0.781443522,,,,,
,,,,,0.769075384,,,,,
,,,,,0.76476145,,,,,
,,,,,0.772647614,,,,,
,,,,,0.676178596,,,,,
,,,,,0.776583271,,,,,
,,,,,0.765388032,,,,,
,,,,,0.758145864,,,,,
,,,,,0.788717421,,,,,
,,,,,0.755590893,,,,,
,,,,,0.782983951,,,,,
,,,,,0.760699115,,,,,
,,,,,0.488876203,,,,,
,,,,,0.505600537,,,,,
,,,,,0.532167915,,,,,
,,,,,0.770542161,,,,,
,,,,,0.548221689,,,,,
,,,,,0.778473627,,,,,
,,,,,0.764204334,,,,,
,,,,,0.740567108,,,,,
,,,,,0.538729182,,,,,
,,,,,0.749883569,,,,,
,,,,,0.755674763,,,,,
,,,,,0.677317071,,,,,
,,,,,0.763700843,,,,,
,,,,,0.732914226,,,,,
,,,,,0.716978681,,,,,
,,,,,0.750772295,,,,,
,,,,,0.758724995,,,,,
,,,,,0.423152995,,,,,
,,,,,0.563243795,,,,,
,,,,,0.75027025,,,,,
,,,,,0.753170303,,,,,
,,,,,0.774152045,,,,,
,,,,,0.547130954,,,,,
,,,,,0.763754574,,,,,
,,,,,0.713818572,,,,,
,,,,,0.745700433,,,,,
,,,,,0.76494253,,,,,
,,,,,0.784484703,,,,,
,,,,,0.751746056,,,,,
,,,,,0.572948885,,,,,
,,,,,0.753760686,,,,,
,,,,,0.760682929,,,,,
,,,,,0.7681801,,,,,
,,,,,0.779594816,,,,,
,,,,,0.53379389,,,,,
,,,,,0.772722141,,,,,
,,,,,0.768708686,,,,,
,,,,,0.78407622,,,,,
,,,,,0.693586187,,,,,
,,,,,0.769507936,,,,,
,,,,,0.69800981,,,,,
,,,,,0.417855537,,,,,
,,,,,0.757734408,,,,,
,,,,,0.72502044,,,,,
,,,,,0.338533062,,,,,
,,,,,0.734352059,,,,,
,,,,,0.75975161,,,,,
,,,,,0.520043569,,,,,
,,,,,0.779873924,,,,,
,,,,,0.77565489,,,,,
,,,,,0.73379309,,,,,
,,,,,0.769739554,,,,,
,,,,,0.766323276,,,,,
,,,,,0.758852057,,,,,
,,,,,0.76111368,,,,,
,,,,,0.783862919,,,,,
,,,,,0.657567727,,,,,
,,,,,0.75516892,,,,,
